temperature;ph;do;conductivity at 25;orp;Corrosion Risk;Critical Corrosion Risk;Average Over Time Period;Critical Average Over Time Period;Acc. Corrosion Risk
20.2;8.46;1.6099999999999999;824.6;-70.0;0.3779119253;;;;0.3779119253
20.1;8.46;1.65;859.43;-70.4;0.3482061327;;;;0.7261180878
20.1;8.46;1.38;809.79;-76.0;0.37386417390000004;;;;1.0999822617
20.0;8.46;1.16;813.71;-70.9;0.3807140291;;;;1.4806963204999999
20.0;8.46;0.86;792.7;-69.5;0.7969305515;0.7969305515;;;2.2776269913
19.9;8.47;0.78;777.76;-72.6;0.7865291834;0.7865291834;;;3.0641560555
19.9;8.47;0.6900000000000001;767.79;-72.7;0.7817919254;0.7817919254;;;3.8459479809
19.88;8.47;0.47000000000000003;763.68;-75.4;0.7723357081000001;0.7723357081000001;;;4.6182837486
19.8;8.47;0.44;748.32;-74.1;0.8155823350000001;0.8155823350000001;;;5.433866024
19.8;8.47;0.44;743.88;-71.8;0.8081780076;0.8081780076;0.6242043972;0.6242043972;6.242043972
19.8;8.47;0.0;743.88;-83.3;0.924395442;0.924395442;0.6788527489;0.6788527489;7.1664395332
19.7;8.47;0.0;743.24;-81.9;0.924395442;0.924395442;0.7364716798000001;0.7364716798000001;8.0908346176
19.7;8.47;0.0;745.46;-81.8;0.924395442;0.924395442;0.7915248066;0.7915248066;9.0152301788
19.7;8.47;0.0;746.58;-82.5;0.924395442;0.924395442;0.8458929479;0.8458929479;9.9396257401
19.7;8.47;0.0;743.24;-83.2;0.924395442;0.924395442;0.858639437;0.858639437;10.8640213013
19.6;8.47;0.18;730.33;-70.1;0.8438952565000001;0.8438952565000001;0.8643760443;0.8643760443;11.7079162598
19.6;8.47;0.16;739.25;-70.3;0.8516792059;0.8516792059;0.8713647723;0.8713647723;12.559595108
19.6;8.47;0.25;721.41;-69.8;0.8506833315000001;0.8506833315000001;0.8791995347;0.8791995347;13.4102783203
19.6;8.47;0.27;738.13;-42.5;0.8352685571;0.8352685571;0.8811681569;0.8811681569;14.2455472946
19.5;8.47;0.30000000000000004;731.88;-67.9;0.8315539956;0.8315539956;0.8835057557;0.8835057557;15.0771017075
19.5;8.47;0.36;736.35;-68.0;0.8146970868000001;0.8146970868000001;0.8725359201;0.8725359201;15.8917989731
19.5;8.48;0.35000000000000003;727.41;-68.3;0.8283840418;0.8283840418;0.8629347801;0.8629347801;16.7201824188
19.5;8.47;0.42;734.12;-67.5;0.8145350814000001;0.8145350814000001;0.8519487441;0.8519487441;17.5347175598
19.5;8.47;0.4;737.47;-68.1;0.8177954555;0.8177954555;0.8412887454;0.8412887454;18.3525123596
19.5;8.47;0.38;733.0;-71.0;0.8145350814000001;0.8145350814000001;0.8303027093;0.8303027093;19.1670475006
19.5;8.47;0.43;737.47;-70.5;0.8086715341;0.8086715341;0.8267803371;0.8267803371;19.9757194519
19.55;8.47;0.4;726.64;-70.1;0.8127711415000001;0.8127711415000001;0.8228895307;0.8228895307;20.7884902954
19.6;8.47;0.4;732.56;-71.3;0.8145350814000001;0.8145350814000001;0.8192747056;0.8192747056;21.6030254364
19.7;8.46;0.5;732.11;-69.6;0.8203499913000001;0.8203499913000001;0.8177828491;0.8177828491;22.4233760834
19.8;8.46;0.53;735.0;-72.3;0.8202985525;0.8202985525;0.8166573048;0.8166573048;23.2436752319
19.9;8.45;0.64;726.8;-71.1;0.8092973828000001;0.8092973828000001;0.8161173344;0.8161173344;24.0529727936
20.0;8.44;0.86;736.32;-67.2;0.8159098029;0.8159098029;0.8148699105;0.8148699105;24.8688831329
20.15;8.44;1.1400000000000001;741.71;-63.7;0.3131782115;;0.7647342235;0.7647342235;25.182062149
20.3;8.43;1.18;730.58;-61.9;0.3003789485;;0.7129925728000001;0.7129925728000001;25.4824409485
20.4;8.42;1.27;731.25;-61.0;0.3003789485;;0.6615769595000001;0.6615769595000001;25.7828197479
20.7;8.41;1.17;768.08;-60.6;0.3055677116;;0.6112665772;0.6112665772;26.0883865356
20.73;8.41;1.27;740.38;-59.7;0.3093154728;;0.5609210104;;26.3977012634
20.95;8.4;1.05;733.76;-60.5;0.2435873151;;0.5038262337;;26.6412887573
21.0;8.4;0.9400000000000001;729.75;-60.7;0.2981258035;;0.451603815;;26.939414978
21.1;8.4;0.9500000000000001;739.05;-60.5;0.2870484889;;0.39827880860000003;;27.2264633179
21.1;8.4;1.03;736.89;-72.1;0.2417009622;;0.3415191665;;27.468164444
21.2;8.4;0.53;744.0;-64.7;0.8240072727000001;0.8240072727000001;0.3423289135;;28.2921714783
21.2;8.39;0.5;726.75;-63.9;0.8172395825000001;0.8172395825000001;0.3927350506;;29.1094112396
21.3;8.39;0.76;727.41;-62.6;0.8119642138000001;0.8119642138000001;0.4438935772;;29.9213752747
21.3;8.39;0.75;725.25;-62.3;0.8297098279;0.8297098279;0.4968266651;;30.7510852814
21.33;8.39;0.5700000000000001;737.71;-61.9;0.8481504917;0.8481504917;0.5510849431;;31.5992355347
21.4;8.39;0.53;737.73;-62.4;0.8248935938;0.8248935938;0.6026427552;0.6026427552;32.4241294861
21.4;8.39;0.6000000000000001;736.65;-62.1;0.8448737264;0.8448737264;0.6627713963;0.6627713963;33.2690048218
21.4;8.39;0.63;738.8;-62.0;0.8144858479;0.8144858479;0.7144074008;0.7144074008;34.0834922791
21.4;8.39;0.77;726.99;-61.2;0.8120237589;0.8120237589;0.7669049278000001;0.7669049278000001;34.8955154419
21.33;8.39;0.92;736.64;-59.8;0.8220597506;0.8220597506;0.8249408066;0.8249408066;35.7175750732
21.3;8.39;1.02;726.33;-59.5;0.2536895275;;0.7679090321;0.7679090321;35.9712638855
21.3;8.39;0.9500000000000001;727.41;-60.0;0.2924405932;;0.7154291332;0.7154291332;36.2637062073
21.28;8.39;1.09;735.24;-59.1;0.3066704273;;0.6648997545;0.6648997545;36.5703773499
21.2;8.39;1.1;739.69;-59.7;0.3140839338;;0.6133371651;0.6133371651;36.8844604492
21.2;8.39;1.16;727.83;-60.0;0.3002676964;;0.5585488856;;37.1847267151
21.2;8.4;1.24;736.45;-59.0;0.306546092;;0.5067141354;;37.4912719727
21.1;8.4;1.28;741.21;-59.4;0.3084097505;;0.45306773780000004;;37.7996826172
21.0;8.4;1.27;731.92;-59.3;0.2953646481;;0.40115561780000003;;38.0950469971
20.93;8.4;1.31;736.23;-58.7;0.306546092;;0.35060785110000003;;38.4015922546
20.9;8.4;1.28;737.78;-59.3;0.31052100660000004;;0.2994539768;;38.7121124268
20.9;8.4;1.17;736.69;-59.9;0.3090244234;;0.3049874663;;39.0211372375
20.85;8.41;1.32;734.2;-57.9;0.3058954179;;0.3063329488;;39.3270339966
20.8;8.41;1.29;740.39;-58.1;0.3093154728;;0.3065974534;;39.6363487244
20.8;8.41;1.24;744.74;-58.5;0.338267982;;0.3090158582;;39.9746170044
20.7;8.41;1.31;720.15;-58.0;0.2889802158;;0.3078871101;;40.2635955811
20.7;8.41;1.42;732.13;-57.5;0.2953646481;;0.3067689657;;40.5589599609
20.7;8.41;1.25;738.67;-57.9;0.31052100660000004;;0.30698009130000004;;40.8694801331
20.7;8.41;1.2;733.22;-57.9;0.306537807;;0.3080974072;;41.1760177612
20.6;8.42;1.45;768.59;-56.7;0.3041799068;;0.3078607887;;41.4801979065
20.6;8.42;1.7000000000000002;739.12;-55.7;0.31052100660000004;;0.3078607887;;41.7907180786
20.6;8.42;1.57;736.93;-56.1;0.3090244234;;0.3078607887;;42.0997428894
20.58;8.42;1.34;735.05;-56.4;0.3066998124;;0.30794122820000003;;42.4064445496
20.5;8.42;1.77;740.66;-55.4;0.3093154728;;0.30794122820000003;;42.7157592773
20.5;8.42;1.5899999999999999;739.57;-56.1;0.3093154728;;0.3050459772;;43.0250740051
20.5;8.42;1.6;743.94;-56.1;0.338267982;;0.3099747539;;43.3633422852
20.5;8.42;1.87;734.1;-55.0;0.306537807;;0.31109206970000003;;43.6698799133
20.4;8.42;1.67;740.02;-56.1;0.3093154728;;0.31097151640000004;;43.9791946411
20.4;8.42;1.73;741.11;-56.3;0.3084097505;;0.3111587107;;44.2876052856
20.4;8.43;1.79;740.02;-55.4;0.3093154728;;0.3116722673;;44.5969200134
20.4;8.43;1.28;745.5;-57.7;0.338267982;;0.3144469649;;44.9351882935
20.4;8.42;1.88;743.31;-55.4;0.338267982;;0.3173713207;;45.2734565735
20.4;8.42;2.02;753.17;-54.8;0.3424088359;;0.32094222310000003;;45.6158638
20.38;8.42;1.96;737.04;-55.4;0.3090244234;;0.3209131181;;45.9248886108
20.3;8.42;1.8399999999999999;741.57;-55.4;0.3084097505;;0.32082254590000003;;46.2332992554
20.3;8.42;1.13;760.25;-57.6;0.3305394351;;0.3200496912;;46.5638389587
20.3;8.42;0.78;745.97;-60.5;0.8278791904;0.8278791904;0.3721838295;;47.3917198181
20.3;8.42;1.3900000000000001;743.77;-58.6;0.338267982;;0.3750790805;;47.7299880981
20.3;8.42;1.83;717.4;-57.2;0.2870213687;;0.3729402423;;48.0170097351
20.3;8.42;2.07;744.87;-55.8;0.338267982;;0.37583549320000004;;48.3552780151
20.3;8.42;2.06;737.18;-55.6;0.3090244234;;0.37291113730000003;;48.6643028259
20.3;8.42;1.98;742.67;-56.6;0.338267982;;0.37291113730000003;;49.002571106
20.3;8.42;1.9100000000000001;733.88;-56.1;0.306537807;;0.3693240345;;49.3091087341
20.3;8.42;2.21;738.27;-54.6;0.31052100660000004;;0.36947369280000003;;49.6196289062
20.3;8.42;2.2800000000000002;742.67;-53.5;0.338267982;;0.37245951590000004;;49.9578971863
20.23;8.42;1.6600000000000001;740.46;-55.1;0.3093154728;;0.3703371197;;50.2672119141
20.2;8.42;2.58;735.42;-52.3;0.3066998124;;0.31821918190000004;;50.5739135742
20.1;8.43;2.64;730.35;-52.9;0.3003789485;;0.3144302785;;50.874294281
20.1;8.43;2.6;736.97;-53.5;0.3090244234;;0.316630584;;51.1833190918
20.0;8.43;2.6;736.32;-67.6;0.306546092;;0.313458395;;51.4898643494
20.0;8.43;2.66;739.64;-53.7;0.3093154728;;0.3134875;;51.7991790771
19.9;8.43;2.92;738.98;-52.0;0.31052100660000004;;0.3107128024;;52.1096992493
19.9;8.44;2.31;741.2;-75.9;0.3084097505;;0.3108999968;;52.4181098938
19.8;8.44;2.26;752.76;-56.7;0.3424088359;;0.3140887797;;52.7605171204
19.75;8.44;2.69;748.01;-54.7;0.338267982;;0.3140887797;;53.0987854004
19.7;8.45;2.2800000000000002;735.45;-73.8;0.3066998124;;0.3138272136;;53.4054870605
19.7;8.44;2.46;738.79;-55.8;0.31052100660000004;;0.3142093331;;53.7160072327
19.6;8.45;2.45;747.05;-55.4;0.338267982;;0.3179982364;;54.0542755127
19.5;8.45;2.51;741.94;-55.6;0.3084097505;;0.3179367691;;54.3626861572
19.5;8.45;2.79;740.82;-53.8;0.3093154728;;0.31821370720000003;;54.672000885
19.4;8.45;2.73;717.77;-53.4;0.2870213687;;0.3159842968;;54.959022522
19.4;8.45;2.67;731.21;-53.9;0.3003789485;;0.314970091;;55.2594032288
19.3;8.46;2.52;744.0;-54.0;0.338267982;;0.3179559141;;55.5976715088
19.3;8.46;2.5700000000000003;740.63;-54.4;0.3093154728;;0.3146465778;;55.9069862366
19.2;8.46;2.85;724.23;-52.5;0.2887880504;;0.3096985847;;56.1957740784
19.13;8.47;2.7;755.73;-53.0;0.3424088359;;0.313269487;;56.5381813049
19.1;8.47;2.5300000000000002;739.31;-53.9;0.31052100660000004;;0.313269487;;56.8487014771
19.0;8.47;2.25;745.43;-55.0;0.338267982;;0.313269487;;57.1869697571
19.0;8.47;2.7199999999999998;731.87;-52.7;0.2953646481;;0.3119649768;;57.482334137
18.9;8.48;2.71;745.91;-53.0;0.338267982;;0.3148602277;;57.820602417
18.9;8.48;2.37;743.64;-54.5;0.338267982;;0.319984889;;58.158870697
18.8;8.48;2.8;748.66;-52.1;0.34390857820000004;;0.32433785200000004;;58.5027809143
18.75;8.48;2.85;735.84;-51.6;0.3066998124;;0.321181035;;58.8094825745
18.6;8.46;2.63;747.36;-52.0;0.338267982;;0.32407628600000005;;59.1477508545
18.6;8.47;2.75;750.77;-52.4;0.34390857820000004;;0.32958833870000004;;59.4916610718
18.5;8.48;2.49;734.14;-53.4;0.306537807;;0.3260012358;;59.7981987
18.5;8.48;2.79;735.29;-52.5;0.3066998124;;0.3256191164;;60.1049003601
18.5;8.49;2.71;739.85;-52.7;0.3093154728;;0.3227238655;;60.4142150879
18.5;8.49;2.8200000000000003;734.14;-52.7;0.306537807;;0.3238411814;;60.7207527161
18.43;8.5;2.7;750.13;-53.6;0.34390857820000004;;0.324405241;;61.0646629333
18.4;8.5;2.61;755.2;-54.2;0.3424088359;;0.3248193264;;61.4070701599
18.5;8.5;2.63;759.26;-54.6;0.3257709742;;0.323005566;;61.7328414917
18.68;8.49;2.61;749.47;-55.0;0.34390857820000004;;0.3267264426;;62.076751709
18.6;8.5;2.58;750.77;-54.9;0.34390857820000004;;0.3272905022;;62.4206619263
18.6;8.5;2.54;770.14;-55.1;0.30443596840000003;;0.3233432412;;62.7250976562
18.6;8.5;2.29;737.1;-56.1;0.3090244234;;0.3235919029;;63.034122467
18.6;8.49;2.31;748.5;-55.7;0.34390857820000004;;0.32731277940000003;;63.3780326843
18.5;8.49;2.2;758.12;-56.1;0.3441435695;;0.3307955891;;63.7221755981
18.5;8.49;2.36;728.44;-55.7;0.29552802440000003;;0.3296946108;;64.0177001953
18.5;8.5;2.2;752.41;-55.7;0.3424088359;;0.3295446366;;64.3601074219
18.5;8.5;2.1;753.55;-56.4;0.3424088359;;0.3295446366;;64.7025146484
18.45;8.5;2.02;750.95;-56.5;0.34390857820000004;;0.331358397;;65.0464248657
18.4;8.5;1.92;749.48;-57.2;0.34390857820000004;;0.331358397;;65.390335083
18.4;8.51;1.81;754.06;-57.5;0.3424088359;;0.3312084228;;65.7327423096
18.3;8.51;1.78;753.41;-57.8;0.3424088359;;0.3350057095;;66.0751495361
18.3;8.51;1.9;749.97;-57.6;0.34390857820000004;;0.33849412500000003;;66.4190597534
18.3;8.51;1.74;763.74;-58.1;0.3042899966;;0.3345322669;;66.7233505249
18.2;8.52;1.5;758.52;-58.9;0.3441435695;;0.3345322669;;67.0674972534
18.2;8.52;1.34;753.92;-59.7;0.3424088359;;0.339220348;;67.40990448
18.1;8.52;1.06;754.43;-60.7;0.2531186938;;0.33029133380000003;;67.6630249023
18.1;8.53;0.76;753.27;-61.8;0.8195275068000001;0.8195275068000001;0.3780032009;;68.4825515747
18.0;8.53;0.5700000000000001;744.55;-62.9;0.8487609625;0.8487609625;0.4284884393;;69.3313140869
18.0;8.53;0.28;756.09;-64.2;0.8305818439;0.8305818439;0.47715576590000003;;70.161895752
17.9;8.53;0.01;757.76;-65.8;0.9189867377000001;0.9189867377000001;0.5348135561;;71.0808792114
17.9;8.53;0.0;785.53;-65.4;0.8908340931000001;0.8908340931000001;0.5896560818000001;;71.9717102051
17.8;8.54;0.23;757.12;-65.0;0.8158254027;0.8158254027;0.6368477643;0.6368477643;72.7875366211
17.8;8.54;0.0;766.39;-66.4;0.899189651;0.899189651;0.6963377297000001;0.6963377297000001;73.6867294312
17.7;8.55;0.0;763.45;-67.6;0.9031574726;0.9031574726;0.75223912;0.75223912;74.5898895264
17.7;8.55;0.06;763.45;-66.6;0.8998597264;0.8998597264;0.8079842091;0.8079842091;75.4897460938
17.6;8.55;1.9500000000000002;760.49;-57.3;0.3257709742;;0.8152494371000001;0.8152494371000001;75.8155136108
17.6;8.55;1.81;767.47;-57.5;0.3055677116;;0.7638534576;0.7638534576;76.1210784912
17.5;8.56;1.26;751.68;-59.6;0.34390857820000004;;0.7133682191;0.7133682191;76.4649887085
17.4;8.56;1.27;759.21;-59.9;0.3257709742;;0.6628871322000001;0.6628871322000001;76.7907562256
17.38;8.57;1.17;756.03;-58.9;0.3424088359;;0.605229342;0.605229342;77.1331634521
17.3;8.57;1.25;762.08;-59.5;0.3257709742;;0.5487230301;;77.4589309692
17.3;8.57;1.65;749.18;-58.2;0.34390857820000004;;0.5015313476000001;;77.8028411865
17.3;8.56;1.87;758.56;-56.7;0.3441435695;;0.4460267395;;78.146987915
17.3;8.56;1.62;765.6;-58.2;0.3056683242;;0.38627782460000004;;78.4526596069
17.3;8.56;1.52;771.46;-58.3;0.30443596840000003;;0.3267354488;;78.7570953369
17.35;8.56;1.44;764.74;-58.6;0.3056683242;;0.32472518380000004;;79.0627670288
17.4;8.56;1.46;762.72;-58.6;0.3078042865;;0.3249488413;;79.3705749512
17.5;8.56;1.5;778.52;-58.6;0.3370575309;;0.3242637366;;79.7076339722
17.5;8.55;1.6;757.51;-58.2;0.3441435695;;0.3261009961;;80.0517807007
17.6;8.55;1.24;766.31;-59.4;0.3056683242;;0.322426945;;80.3574523926
17.7;8.55;1.08;770.42;-60.1;0.28160804510000004;;0.3180106521;;80.6390609741
17.8;8.54;1.77;745.52;-57.8;0.338267982;;0.3174465925;;80.9773254395
17.9;8.54;1.1;767.01;-60.4;0.3104367852;;0.314075914;;81.2877655029
17.93;8.53;1.98;780.38;-56.9;0.3370575309;;0.3172148347;;81.6248245239
18.0;8.53;1.9300000000000002;768.79;-56.5;0.30443596840000003;;0.3172148347;;81.9292602539
18.1;8.53;1.87;761.34;-56.8;0.3257709742;;0.3192250997;;82.255027771
18.18;8.53;1.72;768.05;-57.9;0.3055677116;;0.3190014422;;82.5605926514
18.2;8.53;1.08;755.07;-60.3;0.312413156;;0.3165370047;;82.873008728
18.3;8.52;2.43;768.32;-54.9;0.3041799068;;0.3125406384;;83.1771850586
18.3;8.52;2.05;751.12;-56.7;0.34390857820000004;;0.3163646638;;83.5210952759
18.4;8.52;1.53;755.2;-58.9;0.3424088359;;0.3224447429;;83.8635025024
18.5;8.52;0.99;770.68;-61.3;0.2370172888;;0.3123196736;;84.1005172729
18.53;8.51;1.96;772.46;-57.7;0.30443596840000003;;0.31171959190000004;;84.4049530029
18.7;8.51;1.48;776.43;-53.8;0.3370575309;;0.31171959190000004;;84.7420120239
18.7;8.51;1.31;774.15;-59.8;0.3370575309;;0.3149817482;;85.0790710449
18.8;8.51;1.22;770.21;-61.1;0.30443596840000003;;0.3128482476;;85.3835067749
18.8;8.5;1.1400000000000001;772.48;-60.0;0.30920442940000004;;0.31321191940000004;;85.6927108765
18.9;8.5;0.43;756.09;-64.0;0.8050588965000001;0.8050588965000001;0.3624764934;;86.4977722168
18.9;8.5;0.96;766.28;-62.2;0.2536945641;;0.3574279591;;86.7514648438
18.9;8.5;1.38;767.41;-60.4;0.3055677116;;0.3535938725;;87.0570297241
18.9;8.51;0.81;773.07;-62.5;0.7804679871;0.7804679871;0.3973997876;;87.8374938965
18.88;8.51;1.65;774.54;-59.1;0.3370575309;;0.4074038118;;88.1745529175
18.8;8.51;0.4;772.48;-65.8;0.7788601518;0.7788601518;0.4548462301;;88.953414917
18.8;8.51;0.36;781.55;-66.0;0.7640927434;0.7640927434;0.4975497514;;89.7175064087
18.8;8.51;0.30000000000000004;773.61;-65.2;0.7952591777;0.7952591777;0.5433699161000001;;90.5127639771
18.75;8.51;0.01;767.64;-67.0;0.8955843449;0.8955843449;0.6024847537;0.6024847537;91.4083480835
18.6;8.51;1.46;773.56;-61.5;0.30443596840000003;;0.6020079076;0.6020079076;91.7127838135
18.6;8.52;1.67;770.14;-59.9;0.30443596840000003;;0.5519456148;;92.0172195435
18.6;8.52;1.56;778.12;-60.8;0.3370575309;;0.5602819115000001;;92.3542785645
18.5;8.52;0.55;791.23;-62.9;0.7873106003;0.7873106003;0.6084562004;0.6084562004;93.1415863037
18.5;8.52;1.52;777.53;-60.6;0.3370575309;;0.5641151547000001;;93.4786453247
18.4;8.52;0.8200000000000001;784.95;-63.5;0.7920486331000001;0.7920486331000001;0.609614265;0.609614265;94.270690918
18.4;8.53;1.27;774.65;-61.7;0.3370575309;;0.5654340029;;94.607749939
18.4;8.53;1.42;770.08;-61.2;0.30443596840000003;;0.5194683254;;94.9121856689
18.3;8.53;0.87;772.91;-62.2;0.7766481638;0.7766481638;0.517607224;;95.688835144
18.3;8.53;1.6800000000000002;780.94;-59.1;0.3467846215;;0.4627272516;;96.0356216431
18.2;8.53;1.9100000000000001;779.2;-58.9;0.3370575309;;0.46598940790000004;;96.3726806641
18.2;8.54;1.54;781.5;-41.1;0.3493322432;;0.4704790354;;96.7220153809
18.1;8.54;0.81;778.61;-62.8;0.7779741287;0.7779741287;0.5145706952;;97.4999923706
18.1;8.54;1.37;802.8;-61.1;0.37386417390000004;;0.4732260525;;97.8738555908
18.1;8.54;1.0;772.85;-62.9;0.2351240516;;0.4630327046;;98.1089782715
18.1;8.54;1.02;768.25;-63.2;0.2278975248;;0.4066175938;;98.3368759155
18.1;8.54;0.27;780.92;-65.8;0.7804916501;0.7804916501;0.45096100570000003;;99.1173706055
18.1;8.54;0.0;777.46;-72.2;0.8763800263;0.8763800263;0.5081554115;;99.9937515259
18.1;8.54;0.54;772.85;-66.2;0.7965095043;0.7965095043;0.5101415455;;100.7902603149
18.3;8.54;0.0;790.11;-77.1;0.8960897326;0.8960897326;0.5650720567;;101.6863479614
18.4;8.53;0.0;794.1;-76.9;0.8960897326;0.8960897326;0.6209752768;0.6209752768;102.5824356079
18.5;8.53;1.24;784.38;-68.4;0.353761822;;0.6214182347;0.6214182347;102.9361953735
18.6;8.52;0.36;771.28;-72.9;0.7788601518;0.7788601518;0.6215068370000001;0.6215068370000001;103.715057373
18.8;8.51;1.8399999999999999;783.82;-69.6;0.353761822;;0.6194966018;0.6194966018;104.0688171387
18.9;8.51;1.6099999999999999;758.36;-68.8;0.3441435695;;0.6303985536000001;0.6303985536000001;104.4129638672
18.6;8.53;1.44;759.89;-67.1;0.3257709742;;0.6401858985000001;0.6401858985000001;104.7387313843
17.18;8.6;0.0;750.03;-78.1;0.9300028086000001;0.9300028086000001;0.6551370144;0.6551370144;105.6687316895
15.8;8.67;2.69;749.75;-67.6;0.34390857820000004;;0.6018898696;0.6018898696;106.0126419067
14.6;8.73;2.44;738.74;-62.9;0.31052100660000004;;0.5532910198000001;;106.3231658936
13.6;8.77;1.45;742.72;-64.1;0.3360254169;;0.49728458820000004;;106.6591949463
12.8;8.81;2.39;734.05;-59.8;0.2958362997;;0.4372592449;;106.9550323486
12.2;8.84;2.58;734.59;-58.7;0.29427829380000003;;0.4313108921;;107.2493133545
11.5;8.87;2.2800000000000002;739.74;-59.9;0.2969934046;;0.3831242174;;107.5463104248
11.0;8.89;1.57;741.2;-61.0;0.3011023104;;0.3778582662;;107.8474121094
10.6;8.91;2.58;724.18;-57.7;0.2749502957;;0.3709389389;;108.1223602295
10.3;8.92;2.08;717.43;-58.4;0.2788940072;;0.3662512422;;108.4012527466
10.0;8.93;2.2800000000000002;734.41;-59.6;0.3061779737;;0.3038687587;;108.7074279785
9.73;8.94;2.96;727.05;-57.4;0.27996519210000004;;0.2974744201;;108.9873962402
9.5;8.95;2.67;742.95;-58.4;0.34017708900000004;;0.3004400283;;109.3275756836
9.2;8.95;3.05;747.62;-57.7;0.3365386426;;0.3004913509;;109.6641159058
9.0;8.97;1.96;743.09;-62.4;0.3365265727;;0.30456037820000004;;110.0006408691
8.9;8.97;2.13;732.14;-61.9;0.2893790007;;0.3040704489;;110.2900161743
8.8;8.97;0.36;745.75;-70.1;0.9043290019;0.9043290019;0.3648040086;;111.1943435669
8.8;8.96;1.85;731.27;-62.9;0.2893790007;;0.36363167760000004;;111.4837188721
8.7;8.97;1.94;749.27;-61.5;0.3362978399;;0.36976643200000003;;111.8200149536
8.7;8.97;0.19;727.49;-67.7;0.9284057021000001;0.9284057021000001;0.4347176015;;112.7484207153
8.7;8.96;0.0;720.23;-68.5;1.3100274801;1.3100274801;0.5351025522;;114.0584487915
8.7;8.97;0.1;743.46;-68.9;0.9123520851;0.9123520851;0.5983412415;;114.9708023071
8.7;8.97;0.19;743.46;-67.2;0.9060725570000001;0.9060725570000001;0.6549307883000001;0.6549307883000001;115.8768768311
8.7;8.97;1.69;747.82;-62.8;0.3362489939;;0.6549018234;0.6549018234;116.2131271362
8.7;8.97;1.74;743.46;-63.6;0.3362489939;;0.6548740655;0.6548740655;116.5493774414
8.7;8.97;1.28;746.37;-63.3;0.3362489939;;0.6595610648;0.6595610648;116.8856277466
8.7;8.97;1.49;737.65;-63.3;0.3051182926;;0.5996399939;;117.1907424927
8.7;8.97;2.13;736.2;-62.2;0.3064088821;;0.6013429821;0.6013429821;117.4971542358
8.7;8.97;0.76;750.72;-64.9;0.6259797812;0.6259797812;0.6303111762;0.6303111762;118.1231307983
8.7;8.96;2.73;736.2;-59.6;0.3064088821;;0.5681114942000001;;118.4295425415
8.7;8.97;2.0;740.56;-60.4;0.3063907027;;0.4677478164;;118.7359313965
8.7;8.97;1.7000000000000002;734.75;-61.2;0.3069593608;;0.407208544;;119.0428924561
8.6;8.97;2.31;746.99;-59.8;0.3362489939;;0.3502261877;;119.3791427612
8.7;8.97;1.48;743.46;-61.3;0.3362489939;;0.3502261877;;119.7153930664
8.7;8.97;2.25;736.2;-58.7;0.3064088821;;0.3472421765;;120.0218048096
8.7;8.97;1.5899999999999999;742.01;-60.3;0.3362489939;;0.3472421765;;120.3580551147
8.7;8.97;1.51;746.37;-62.4;0.3362489939;;0.3503552467;;120.6943054199
8.7;8.97;0.87;727.49;-63.5;0.6704637408;0.6704637408;0.38676073250000004;;121.3647689819
8.7;8.97;0.73;714.42;-64.5;0.9724165201;0.9724165201;0.42140440640000004;;122.3371887207
8.7;8.97;1.53;727.49;-62.8;0.27667436;;0.41843095420000004;;122.613861084
8.7;8.96;1.38;706.65;-61.6;0.2803636491;;0.41582824890000003;;122.8942260742
8.7;8.97;1.53;706.65;-61.9;0.2803636491;;0.41316867770000004;;123.1745910645
8.7;8.97;2.09;742.01;-59.3;0.3362489939;;0.41316867770000004;;123.5108413696
8.7;8.97;1.79;743.46;-61.4;0.3362489939;;0.41316867770000004;;123.8470916748
8.7;8.97;1.15;731.85;-64.4;0.29386988280000004;;0.4119147778;;124.1409606934
8.7;8.97;0.67;744.91;-65.9;0.6208990216;0.6208990216;0.44037978050000004;;124.7618560791
8.7;8.97;0.0;733.3;-70.5;0.8601368070000001;0.8601368070000001;0.4927685618;;125.6219940186
8.7;8.97;0.55;727.49;-63.4;0.9032566547;0.9032566547;0.5160478532;;126.5252532959
8.8;8.96;0.0;725.48;-71.3;0.8717103004000001;0.8717103004000001;0.5059772313;;127.3969650269
8.8;8.96;0.0;742.85;-69.9;0.8610511422;0.8610511422;0.5644149095000001;;128.2580108643
8.8;8.96;0.0;722.58;-70.4;1.0595110655;1.0595110655;0.6423296511000001;0.6423296511000001;129.3175201416
8.8;8.95;0.0;734.17;-67.6;0.8568500876;0.8568500876;0.6999782950000001;0.6999782950000001;130.1743774414
8.8;8.96;0.0;732.72;-72.8;0.8583932519;0.8583932519;0.7521927208;0.7521927208;131.0327758789
8.9;8.96;0.42;732.14;-64.6;0.9016711116;0.9016711116;0.8087349325000001;0.8087349325000001;131.9344482422
8.85;8.96;1.6400000000000001;746.17;-59.9;0.3365265727;;0.8130006015;0.8130006015;132.270980835
8.8;8.96;1.3;741.41;-61.9;0.30666828160000004;;0.7815775275;0.7815775275;132.5776519775
8.9;8.95;2.52;730.7;-55.7;0.2893790007;;0.7245017469;0.7245017469;132.8670349121
8.9;8.96;2.92;730.7;-54.1;0.2893790007;;0.6631139815;0.6631139815;133.1564178467
8.9;8.96;2.52;742.25;-55.2;0.3365265727;;0.6095956087000001;0.6095956087000001;133.4929504395
8.9;8.96;2.67;720.59;-54.7;0.2845452726;;0.5519450217;;133.7774963379
8.9;8.96;3.02;732.14;-54.1;0.2893790007;;0.4749318153;;134.0668792725
8.8;8.96;3.16;735.61;-54.0;0.3072369397;;0.4199705005;;134.3741149902
8.8;8.96;3.47;729.82;-53.0;0.2893790007;;0.3630690753;;134.6634979248
8.8;8.96;3.16;748.65;-53.5;0.3365754187;;0.3065595061;;135.0000762939
8.8;8.96;3.32;737.06;-53.1;0.306686461;;0.3035754949;;135.3067626953
8.8;8.96;3.63;724.03;-51.7;0.2820716202;;0.3011158288;;135.5888366699
8.8;8.96;3.23;724.03;-53.6;0.2820716202;;0.3003850907;;135.8709106445
8.78;8.96;3.5700000000000003;733.12;-53.1;0.3045607805;;0.3019032687;;136.1754760742
8.8;8.96;3.91;721.13;-51.8;0.2866407335;;0.2969146848;;136.4621124268
8.8;8.96;3.63;721.13;-53.3;0.2866407335;;0.2971242309;;136.7487487793
8.7;8.96;3.58;726.04;-53.1;0.2781924903;;0.29600557980000003;;137.0269470215
8.8;8.96;3.79;705.2;-52.1;0.2816554606;;0.2934474319;;137.3086090088
8.8;8.96;3.81;709.55;-52.1;0.2816554606;;0.2926750779;;137.5902709961
8.7;8.96;3.24;720.23;-54.5;0.2832534611;;0.28734288220000004;;137.8735198975
8.8;8.96;3.93;719.68;-51.5;0.2855297625;;0.28522721230000003;;138.1590423584
8.75;8.96;3.54;738.08;-52.8;0.3087002337;;0.2878900737;;138.4677429199
8.73;8.96;3.69;699.32;-52.5;0.2792522311;;0.2876081347;;138.7469940186
8.8;8.96;3.8;719.68;-51.4;0.2855297625;;0.2857050329;;139.0325164795
8.8;8.96;3.68;719.68;-51.4;0.2855297625;;0.28559393580000003;;139.3180389404
8.7;8.97;3.73;698.45;-52.0;0.2792522311;;0.2848550856;;139.5972900391
8.7;8.97;4.08;728.94;-51.0;0.28910142180000004;;0.2859459788;;139.8863983154
8.7;8.96;4.05;721.68;-50.9;0.285348922;;0.2863153249;;140.1717529297
8.73;8.97;3.92;728.34;-50.7;0.2825790644;;0.2864076853;;140.4543304443
8.7;8.97;3.7;718.78;-52.0;0.2833868265;;0.2864210218;;140.7377166748
8.7;8.97;3.86;717.32;-51.2;0.28149050470000003;;0.286017096;;141.0192108154
8.8;8.96;3.43;706.65;-52.8;0.2816554606;;0.2833126187;;141.3008728027
8.75;8.97;3.7800000000000002;711.98;-52.2;0.2818295062;;0.2835703462;;141.5827026367
8.7;8.98;3.9;727.49;-48.1;0.27667436;;0.282684806;;141.859375
8.8;8.97;3.7800000000000002;706.65;-51.7;0.2816554606;;0.2822973758;;142.1410369873
8.8;8.97;3.7;706.65;-51.6;0.2816554606;;0.2825376987;;142.4226989746
8.9;8.96;8.15;698.93;-54.8;0.2805440426;;0.2816819608;;142.7032470703
8.9;8.96;8.15;698.93;-54.8;0.2805440426;;0.2812014729;;142.983795166
8.9;8.97;8.19;694.59;-54.4;0.2814872265;;0.2810922891;;143.2652893066
9.0;8.97;7.92;694.12;-55.2;0.2814872265;;0.2809023291;;143.5467834473
9.03;8.97;8.04;686.36;-54.6;0.2750320435;;0.280256483;;143.8218078613
9.1;8.97;7.98;689.35;-54.7;0.285706073;;0.2806615442;;144.1075134277
9.2;8.96;7.46;690.33;-55.5;0.2802829146;;0.2805068851;;144.387802124
9.3;8.95;7.37;692.73;-57.9;0.2807907462;;0.28091852370000003;;144.6685943604
9.3;8.95;7.04;688.44;-59.4;0.2807907462;;0.2808320522;;144.9493865967
9.4;8.94;6.69;687.99;-60.0;0.2802363336;;0.2806901395;;145.2296295166
9.53;8.95;7.16;679.89;-59.3;0.2765715718;;0.2802928925;;145.5061950684
9.6;8.94;7.13;680.02;-59.5;0.2728865147;;0.2795271397;;145.779083252
9.6;8.94;6.88;687.11;-59.8;0.30544325710000003;;0.2819227427;;146.0845336914
9.63;8.94;6.83;682.3;-61.8;0.2728865147;;0.2810626715;;146.357421875
9.7;8.94;6.7;679.6;-63.3;0.2728865147;;0.28084811870000004;;146.6303100586
9.7;8.93;6.47;685.25;-64.6;0.2701338828;;0.27929089960000003;;146.9004364014
9.7;8.93;6.68;683.84;-66.6;0.2732767761;;0.2785902858;;147.1737060547
9.73;8.94;6.69;677.64;-62.6;0.2739111483;;0.27790232600000003;;147.4476165771
9.7;8.94;6.66;679.6;-66.6;0.2728865147;;0.27711190280000003;;147.7205047607
9.7;8.94;6.64;669.71;-65.3;0.2728865147;;0.2763769209;;147.9933929443
9.3;8.96;6.96;675.59;-64.1;0.2734409273;;0.27606385650000004;;148.2668304443
8.9;8.97;6.98;678.71;-64.4;0.2732147276;;0.2760966778;;148.5400390625
8.6;8.98;6.99;680.0;-66.0;0.27192291620000003;;0.2727446437;;148.8119659424
8.5;8.98;7.14;671.68;-60.7;0.2676546872;;0.2722214609;;149.0796203613
8.4;8.98;7.34;670.63;-58.8;0.2628822327;;0.27122103270000003;;149.3424987793
8.4;8.98;7.38;676.49;-56.8;0.2628822327;;0.2704958677;;149.6053771973
8.4;8.98;7.53;669.17;-55.3;0.2628822327;;0.2694564134;;149.8682556152
8.4;8.97;7.75;675.02;-54.1;0.2628822327;;0.2683535218;;150.1311340332
8.4;8.97;7.85;667.7;-53.7;0.2628822327;;0.26735309360000004;;150.3940124512
8.4;8.97;7.83;677.95;-53.8;0.2628822327;;0.2663526654;;150.6568908691
8.5;8.97;7.54;673.14;-54.3;0.2676546872;;0.2657740414;;150.9245452881
8.5;8.96;7.78;673.14;-53.0;0.2676546872;;0.2652180374;;151.192199707
8.4;8.97;7.78;673.56;-53.0;0.2628822327;;0.26431396900000004;;151.455078125
8.4;8.96;7.75;673.56;-53.2;0.2628822327;;0.2638367236;;151.717956543
8.4;8.97;7.75;680.88;-53.2;0.2628822327;;0.2638367236;;151.9808349609
8.4;8.97;7.73;673.56;-52.7;0.2628822327;;0.2638367236;;152.2437133789
8.4;8.96;7.87;676.49;-54.3;0.2628822327;;0.2638367236;;152.5065917969
8.4;8.97;7.8100000000000005;672.09;-54.7;0.2628822327;;0.2638367236;;152.7694702148
8.4;8.97;7.72;672.09;-54.9;0.2628822327;;0.2638367236;;153.0323486328
8.4;8.96;7.66;679.42;-55.2;0.2628822327;;0.2638367236;;153.2952270508
8.43;8.97;7.65;671.53;-52.5;0.2628822327;;0.2633594781;;153.5581054688
8.5;8.96;7.49;665.84;-54.5;0.2676546872;;0.2633594781;;153.8257598877
8.5;8.96;7.42;671.68;-52.8;0.2676546872;;0.2638367236;;154.0934143066
8.4;8.96;7.53;675.02;-52.6;0.2628822327;;0.2638367236;;154.3562927246
8.4;8.96;7.55;672.09;-52.6;0.2628822327;;0.2638367236;;154.6191711426
8.4;8.96;7.48;672.09;-52.4;0.2628822327;;0.2638367236;;154.8820495605
8.45;8.96;7.59;669.69;-52.1;0.2676546872;;0.26431396900000004;;155.1497039795
8.5;8.96;7.65;671.68;-51.6;0.2676546872;;0.2647912145;;155.4173583984
8.5;8.96;7.16;673.14;-52.6;0.2676546872;;0.26526845990000003;;155.6850128174
8.5;8.96;6.99;668.76;-52.7;0.2676546872;;0.26574570540000003;;155.9526672363
8.5;8.96;7.15;667.3;-52.8;0.2676546872;;0.2662229508;;156.2203216553
8.5;8.96;7.19;667.3;-52.6;0.2676546872;;0.2662229508;;156.4879760742
8.5;8.96;7.14;665.84;-52.9;0.2676546872;;0.2662229508;;156.7556304932
8.58;8.96;6.86;667.27;-53.0;0.27192291620000003;;0.2671270192;;157.027557373
8.6;8.96;6.9;669.81;-53.0;0.27192291620000003;;0.2680310875;;157.2994842529
8.5;8.96;6.49;668.76;-56.1;0.2676546872;;0.26850833300000004;;157.5671386719
8.5;8.97;6.49;662.92;-56.4;0.2676546872;;0.26850833300000004;;157.8347930908
8.5;8.97;6.49;668.76;-57.7;0.2676546872;;0.26850833300000004;;158.1024475098
8.5;8.97;5.89;674.6;-60.3;0.2676546872;;0.26850833300000004;;158.3701019287
8.43;8.97;6.08;664.22;-53.5;0.2628822327;;0.2680310875;;158.6329803467
8.4;8.97;6.35;673.56;-54.3;0.2628822327;;0.2675538421;;158.8958587646
8.43;8.97;6.01;670.07;-56.8;0.2628822327;;0.2670765966;;159.1587371826
8.45;8.97;5.85;666.77;-58.4;0.2676546872;;0.2670765966;;159.4263916016
8.43;8.97;5.49;667.14;-58.9;0.2628822327;;0.2661725283;;159.6892700195
8.5;8.97;5.24;662.92;-60.1;0.2676546872;;0.26574570540000003;;159.9569244385
8.5;8.97;4.86;667.3;-61.5;0.2676546872;;0.26574570540000003;;160.2245788574
8.5;8.97;5.25;671.68;-60.5;0.2676546872;;0.26574570540000003;;160.4922332764
8.5;8.96;5.44;671.68;-60.7;0.2676546872;;0.26574570540000003;;160.7598876953
8.5;8.97;5.35;671.68;-57.6;0.2676546872;;0.26574570540000003;;161.0275421143
8.45;8.97;5.35;666.77;-58.1;0.2676546872;;0.2662229508;;161.2951965332
8.4;8.97;4.86;670.63;-59.4;0.2628822327;;0.2662229508;;161.5580749512
8.4;8.97;4.88;673.56;-61.7;0.2628822327;;0.2662229508;;161.8209533691
8.4;8.97;5.91;670.63;-58.1;0.2628822327;;0.26574570540000003;;162.0838317871
8.4;8.97;5.68;664.77;-57.3;0.2628822327;;0.26574570540000003;;162.3467102051
8.4;8.97;5.29;673.56;-60.5;0.2628822327;;0.26526845990000003;;162.609588623
8.4;8.97;4.86;663.31;-60.6;0.2628822327;;0.2647912145;;162.872467041
8.4;8.97;6.92;675.02;-53.3;0.2628822327;;0.26431396900000004;;163.135345459
8.4;8.97;6.82;676.49;-54.1;0.2628822327;;0.2638367236;;163.398223877
8.4;8.97;6.18;670.63;-56.0;0.2628822327;;0.2633594781;;163.6611022949
8.5;8.97;5.84;670.22;-57.4;0.2676546872;;0.2633594781;;163.9287567139
8.5;8.97;5.82;670.22;-55.7;0.2676546872;;0.2638367236;;164.1964111328
8.5;8.97;5.66;674.6;-57.5;0.2676546872;;0.26431396900000004;;164.4640655518
8.4;8.97;5.44;672.09;-58.7;0.2628822327;;0.26431396900000004;;164.7269439697
8.4;8.97;5.58;672.09;-57.8;0.2628822327;;0.26431396900000004;;164.9898223877
8.4;8.97;5.7;673.56;-57.9;0.2628822327;;0.26431396900000004;;165.2527008057
8.4;8.97;5.84;673.56;-57.5;0.2628822327;;0.26431396900000004;;165.5155792236
8.4;8.97;6.12;676.49;-55.4;0.2628822327;;0.26431396900000004;;165.7784576416
8.4;8.97;5.92;673.56;-57.7;0.2628822327;;0.26431396900000004;;166.0413360596
8.4;8.96;6.01;672.09;-53.1;0.2628822327;;0.26431396900000004;;166.3042144775
8.4;8.97;6.14;676.49;-54.9;0.2628822327;;0.2638367236;;166.5670928955
8.4;8.97;6.71;667.7;-54.2;0.2628822327;;0.2633594781;;166.8299713135
8.4;8.97;6.64;673.56;-53.4;0.2628822327;;0.2628822327;;167.0928497314
8.5;8.96;6.54;674.6;-53.0;0.2676546872;;0.2633594781;;167.3605041504
8.48;8.96;6.68;674.98;-55.3;0.2676546872;;0.2638367236;;167.6281585693
8.4;8.97;6.68;672.09;-53.9;0.2628822327;;0.2638367236;;167.8910369873
8.4;8.97;6.58;676.49;-54.4;0.2628822327;;0.2638367236;;168.1539154053
8.4;8.97;6.68;672.09;-55.0;0.2628822327;;0.2638367236;;168.4167938232
8.4;8.98;6.45;675.02;-52.7;0.2628822327;;0.2638367236;;168.6796722412
8.4;8.97;6.45;670.63;-54.7;0.2628822327;;0.2638367236;;168.9425506592
8.4;8.98;6.47;679.42;-55.3;0.2628822327;;0.2638367236;;169.2054290771
8.4;8.97;6.44;672.09;-53.4;0.2628822327;;0.2638367236;;169.4683074951
8.4;8.97;6.52;673.56;-55.4;0.2628822327;;0.2638367236;;169.7311859131
8.4;8.97;6.49;679.42;-55.0;0.2628822327;;0.2633594781;;169.9940643311
8.6;8.97;6.47;672.72;-56.7;0.27192291620000003;;0.263786301;;170.2659912109
8.7;8.97;6.49;676.67;-57.4;0.27192291620000003;;0.2646903694;;170.5379180908
8.6;8.98;6.49;669.81;-50.4;0.27192291620000003;;0.2655944377;;170.8098449707
8.5;8.99;6.4;673.14;-49.6;0.2678947151;;0.266095686;;171.0777435303
8.4;8.99;6.31;670.63;-48.9;0.2631222606;;0.2661196887;;171.3408660889
8.4;9.0;6.11;672.09;-47.2;0.262706697;;0.26610213520000003;;171.6035766602
8.4;9.0;6.29;672.09;-50.5;0.262706697;;0.26608458160000004;;171.8662872314
8.4;9.0;6.25;666.24;-54.9;0.262706697;;0.26606702800000004;;172.1289978027
8.4;8.99;6.39;667.7;-58.7;0.2631222606;;0.2660910308;;172.3921203613
8.4;9.0;6.35;667.7;-56.2;0.262706697;;0.2660734773;;172.6548309326
8.4;8.99;6.34;669.17;-56.9;0.2631222606;;0.2651934117;;172.9179534912
8.4;8.99;6.25;672.09;-63.4;0.2631222606;;0.2643133461;;173.1810760498
8.4;8.99;6.19;667.7;-55.8;0.2631222606;;0.2634332806;;173.4441986084
8.5;8.98;6.34;674.6;-55.8;0.2676546872;;0.2634092778;;173.7118530273
8.43;8.99;6.43;670.07;-50.9;0.2631222606;;0.2634092778;;173.9749755859
8.4;9.0;6.42;669.17;-47.2;0.262706697;;0.2634092778;;174.2376861572
8.4;9.0;6.28;669.17;-41.4;0.262706697;;0.2634092778;;174.5003967285
8.4;9.01;6.33;667.7;-44.8;0.262706697;;0.2634092778;;174.7631072998
8.4;9.02;6.28;672.09;-37.1;0.262706697;;0.26336772140000003;;175.0258178711
8.4;9.01;6.49;669.17;-51.4;0.262706697;;0.26336772140000003;;175.2885284424
8.4;9.01;6.54;669.17;-66.4;0.262706697;;0.2633261651;;175.5512390137
8.4;9.01;6.49;673.56;-57.1;0.262706697;;0.26328460870000003;;175.813949585
8.4;9.01;6.49;663.31;-55.1;0.262706697;;0.2632430524;;176.0766601562
8.4;9.01;6.68;669.17;-56.1;0.262706697;;0.2627482533;;176.3393707275
8.4;9.01;6.58;672.09;-51.2;0.262706697;;0.262706697;;176.6020812988
8.4;9.01;6.59;672.09;-56.1;0.262706697;;0.262706697;;176.8647918701
8.5;9.0;6.48;674.6;-55.6;0.2675521672;;0.263191244;;177.1323394775
8.4;9.01;6.39;667.7;-45.5;0.262706697;;0.263191244;;177.3950500488
8.4;9.0;6.33;664.77;-49.1;0.262706697;;0.263191244;;177.6577606201
8.4;8.99;6.48;667.7;-60.2;0.2631222606;;0.2632328004;;177.9208831787
8.4;8.99;6.39;669.17;-62.0;0.2631222606;;0.2632743567;;178.1840057373
8.4;8.99;6.46;667.7;-52.9;0.2631222606;;0.2633159131;;178.4471282959
8.4;8.99;6.49;672.09;-52.2;0.2631222606;;0.2633574694;;178.7102508545
8.4;8.99;6.3;664.77;-51.7;0.2631222606;;0.2633990258;;178.9733734131
8.4;8.99;6.28;667.7;-53.2;0.2631222606;;0.2634405822;;179.2364959717
8.4;9.0;6.27;670.63;-47.2;0.262706697;;0.2634405822;;179.499206543
8.4;9.0;6.35;673.56;-41.9;0.262706697;;0.2629560351;;179.7619171143
8.4;8.99;6.44;666.24;-49.7;0.2631222606;;0.2629975915;;180.0250396729
8.5;8.99;6.43;668.76;-52.5;0.2678947151;;0.2635163933;;180.2929382324
8.4;8.99;6.33;663.31;-52.9;0.2631222606;;0.2635163933;;180.556060791
8.4;8.98;6.38;666.24;-52.9;0.2628822327;;0.2634923905;;180.818939209
8.4;8.98;6.31;661.84;-52.6;0.2628822327;;0.26346838770000003;;181.081817627
8.4;9.01;6.44;664.77;-29.2;0.262706697;;0.2634268314;;181.3445281982
8.4;8.99;6.31;666.24;-52.7;0.2631222606;;0.2634268314;;181.6076507568
8.4;8.99;6.16;666.24;-56.2;0.2631222606;;0.2634268314;;181.8707733154
8.4;8.99;6.01;666.24;-56.7;0.2631222606;;0.26346838770000003;;182.133895874
8.4;8.99;6.12;663.31;-54.7;0.2631222606;;0.2635099441;;182.3970184326
8.4;8.99;5.94;669.17;-59.0;0.2631222606;;0.2635099441;;182.6601409912
8.4;9.0;5.88;666.24;-56.0;0.262706697;;0.26299114230000004;;182.9228515625
8.4;9.0;5.76;667.7;-55.0;0.262706697;;0.2629495859;;183.1855621338
8.4;9.0;5.6;666.24;-56.6;0.262706697;;0.2629320323;;183.4482727051
8.4;9.0;5.44;670.63;-59.5;0.262706697;;0.2629144788;;183.7109832764
8.4;9.0;5.22;667.7;-59.8;0.262706697;;0.2629144788;;183.9736938477
8.4;9.0;5.34;664.77;-57.5;0.262706697;;0.2628729224;;184.2364044189
8.4;9.0;5.32;669.17;-59.0;0.262706697;;0.2628313661;;184.4991149902
8.4;9.0;5.28;661.84;-61.2;0.262706697;;0.2627898097;;184.7618255615
8.4;9.0;5.12;669.17;-63.7;0.262706697;;0.2627482533;;185.0245361328
8.33;9.01;5.2;655.81;-63.7;0.25749051570000003;;0.26218507890000003;;185.2820281982
8.35;9.01;5.04;658.37;-63.0;0.262706697;;0.26218507890000003;;185.5447387695
8.4;9.01;4.76;661.84;-67.5;0.262706697;;0.26218507890000003;;185.8074493408
8.4;9.0;3.93;651.59;-71.8;0.262706697;;0.26218507890000003;;186.0701599121
8.4;8.99;3.49;666.24;-62.5;0.2631222606;;0.2622266352;;186.3332824707
8.35;9.0;2.92;665.7;-62.5;0.262706697;;0.2622266352;;186.595993042
8.38;9.0;2.66;666.61;-63.8;0.262706697;;0.2622266352;;186.8587036133
8.4;9.0;3.47;661.84;-66.0;0.262706697;;0.2622266352;;187.1214141846
8.4;8.98;3.46;657.45;-68.0;0.2628822327;;0.2622441888;;187.3842926025
8.4;9.01;3.32;657.45;-47.3;0.262706697;;0.2622441888;;187.6470031738
8.4;8.98;2.98;651.59;-66.1;0.2628822327;;0.2627833605;;187.9098815918
8.4;8.99;2.73;655.99;-66.0;0.2631222606;;0.26282491680000003;;188.1730041504
8.4;8.99;2.5300000000000002;663.31;-67.7;0.2631222606;;0.2628664732;;188.436126709
8.4;9.0;2.47;658.92;-65.5;0.262706697;;0.2628664732;;188.6988372803
8.38;8.99;2.52;657.82;-66.9;0.2631222606;;0.2628664732;;188.9619598389
8.4;8.99;2.44;654.52;-70.6;0.2631222606;;0.26290802960000004;;189.2250823975
8.4;8.99;2.42;661.84;-66.8;0.2631222606;;0.2629495859;;189.4882049561
8.4;8.99;2.52;658.92;-68.9;0.2631222606;;0.26299114230000004;;189.7513275146
8.4;8.99;2.32;655.99;-70.2;0.2631222606;;0.2630151451;;190.0144500732
8.38;8.99;2.39;656.35;-66.5;0.2631222606;;0.26305670140000004;;190.2775726318
8.3;8.99;2.61;656.36;-67.9;0.25790607930000004;;0.2625590861;;190.5354766846
8.33;8.99;2.55;657.27;-68.8;0.25790607930000004;;0.262037468;;190.7933807373
8.4;8.99;2.41;658.92;-77.9;0.2631222606;;0.262037468;;191.0565032959
8.4;8.99;2.64;660.38;-66.3;0.2631222606;;0.2620790243;;191.3196258545
8.4;8.99;2.7;654.52;-64.2;0.2631222606;;0.2620790243;;191.5827484131
8.4;8.99;2.42;650.13;-65.6;0.2631222606;;0.2620790243;;191.8458709717
8.35;8.99;4.6;652.51;-63.0;0.2631222606;;0.2620790243;;192.1089935303
8.38;8.99;4.84;649.03;-62.1;0.2631222606;;0.2620790243;;192.3721160889
8.4;8.99;4.5;651.59;-61.5;0.2631222606;;0.2620790243;;192.6352386475
8.33;8.99;3.73;651.41;-63.1;0.25790607930000004;;0.2615574062;;192.8931427002
8.4;8.99;3.6;655.99;-64.2;0.2631222606;;0.2620790243;;193.1562652588
8.4;9.0;2.9699999999999998;655.99;-63.7;0.262706697;;0.2625590861;;193.4189758301
8.4;9.0;2.29;654.52;-64.1;0.262706697;;0.26251752970000003;;193.6816864014
8.4;9.0;2.63;654.52;-63.6;0.262706697;;0.2624759734;;193.9443969727
8.4;9.0;3.08;653.06;-62.5;0.262706697;;0.26243441700000003;;194.2071075439
8.4;8.99;3.0;654.52;-67.9;0.2631222606;;0.26243441700000003;;194.4702301025
8.5;8.98;3.21;654.16;-79.2;0.2676546872;;0.2628876597;;194.7378845215
8.6;8.98;3.62;645.06;-91.2;0.27192291620000003;;0.2637677252;;195.0098114014
8.6;8.98;2.85;645.06;-90.9;0.27192291620000003;;0.2646477908;;195.2817382812
8.83;8.97;1.75;645.3;-103.7;0.2732147276;;0.26617865560000004;;195.5549468994
8.9;8.97;1.0;648.38;-123.8;0.22623533010000002;;0.2624899626;;195.7811889648
8.8;8.98;1.17;654.52;-120.9;0.2735141814;;0.263570711;;196.0547027588
8.7;8.98;0.74;647.63;-119.9;0.8688867092;0.8688867092;0.3241887122;;196.9235839844
8.7;8.98;0.64;651.98;-119.9;0.8565105796;0.8565105796;0.38356910050000004;;197.780090332
8.7;8.98;0.61;649.08;-113.1;1.0794603825;1.0794603825;0.46524446900000005;;198.8595581055
8.7;8.99;0.58;653.43;-116.6;1.0717982054;1.0717982054;0.5461120635;;199.931350708
8.7;8.99;0.5700000000000001;657.79;-116.2;1.0717982054;1.0717982054;0.6265264153;0.6265264153;201.0031433105
8.7;8.99;0.56;660.69;-117.0;1.0717982054;1.0717982054;0.7065139443;0.7065139443;202.0749359131
8.65;8.99;0.56;665.97;-117.5;1.0712939501;1.0712939501;0.7864510477000001;0.7864510477000001;203.1462249756
8.7;8.99;0.56;663.6;-113.4;1.0717982054;1.0717982054;0.8663093954000001;0.8663093954000001;204.2180175781
8.7;9.0;0.56;662.15;-116.0;1.0717982054;1.0717982054;0.9508656830000001;0.9508656830000001;205.2898101807
8.7;8.99;0.5700000000000001;669.41;-111.3;1.0717982054;1.0717982054;1.0306940854;1.0306940854;206.3616027832
8.6;9.0;0.54;674.18;-119.5;1.0712939501;1.0712939501;1.0509348094;1.0509348094;207.4328918457
8.7;9.0;0.53;676.67;-118.1;1.0717982054;1.0717982054;1.072463572;1.072463572;208.5046844482
8.63;9.0;0.53;683.8;-120.8;1.0712939501;1.0712939501;1.0716469288;1.0716469288;209.5759735107
8.7;9.0;0.52;685.38;-116.0;1.0793836117;1.0793836117;1.0724054694;1.0724054694;210.6553497314
8.7;9.0;0.52;683.93;-102.6;1.0825265646;1.0825265646;1.0734783053;1.0734783053;211.7378692627
8.6;9.0;0.51;688.74;-104.0;1.0893725157;1.0893725157;1.0752357364;1.0752357364;212.8272399902
8.68;9.01;0.51;690.12;-100.8;1.089876771;1.089876771;1.0770940185;1.0770940185;213.9171142578
8.7;9.0;0.5;695.54;-108.9;1.1075322628;1.1075322628;1.0806674242;1.0806674242;215.0246429443
8.6;9.0;0.5;693.11;-107.6;1.0893725157;1.0893725157;1.0824248552;1.0824248552;216.1140136719
8.63;9.0;0.49;688.17;-101.9;1.0893725157;1.0893725157;1.0841822863;1.0841822863;217.2033843994
8.7;9.0;0.49;691.19;-103.1;1.089876771;1.089876771;1.0860405684;1.0860405684;218.293258667
8.6;9.01;0.48;697.48;-111.7;1.1070280075;1.1070280075;1.0895635486;1.0895635486;219.4002838135
8.65;9.0;0.48;695.06;-114.0;1.1070280075;1.1070280075;1.0931369543;1.0931369543;220.50730896
8.68;9.0;0.47000000000000003;691.57;-112.9;1.089876771;1.089876771;1.0941862702;1.0941862702;221.5971832275
8.6;9.01;0.47000000000000003;696.02;-115.6;1.1070280075;1.1070280075;1.0966364145;1.0966364145;222.704208374
8.68;9.01;0.46;695.93;-115.1;1.1075322628;1.1075322628;1.0984523892;1.0984523892;223.8117370605
8.7;9.01;0.46;697.0;-114.9;1.1075322628;1.1075322628;1.1002179384;1.1002179384;224.9192657471
8.63;9.01;0.46;701.26;-117.4;1.1056892872;1.1056892872;1.1000336409;1.1000336409;226.0249481201
8.6;9.01;0.45;698.93;-118.4;1.1056892872;1.1056892872;1.101665318;1.101665318;227.1306304932
8.7;9.01;0.46;697.0;-116.2;1.1075322628;1.1075322628;1.1034812927;1.1034812927;228.2381591797
8.7;9.0;0.45;695.54;-118.1;1.1075322628;1.1075322628;1.1052468419;1.1052468419;229.3456878662
8.7;9.0;0.45;695.54;-116.3;1.1075322628;1.1075322628;1.1052972674000001;1.1052972674000001;230.4532165527
8.7;9.01;0.48;699.9;-113.7;1.1061935425;1.1061935425;1.1052138209;1.1052138209;231.5594177246
8.7;9.0;0.49;699.9;-110.5;1.1061935425;1.1061935425;1.1068454981;1.1068454981;232.6656188965
8.7;9.0;0.49;705.71;-112.9;1.12619555;1.12619555;1.1087622523;1.1087622523;233.791809082
8.7;9.0;0.54;702.8;-114.0;1.0962332487;1.0962332487;1.1076323509;1.1076323509;234.8880462646
8.8;9.0;0.61;705.2;-112.3;1.109326005;1.109326005;1.1078117251;1.1078117251;235.9973754883
8.8;9.0;0.44;700.86;-113.6;1.1044499874;1.1044499874;1.1076877952;1.1076877952;237.1018218994
8.7;9.0;0.45;708.61;-113.2;1.2257237434000001;1.2257237434000001;1.1196912408;1.1196912408;238.327545166
8.6;9.01;0.43;703.3;-114.6;1.1064573526;1.1064573526;1.1195837498;1.1195837498;239.4340057373
8.5;9.02;0.43;709.64;-108.4;1.2851735353;1.2851735353;1.137347877;1.137347877;240.7191772461
8.4;9.02;0.43;689.67;-109.7;1.1493265629;1.1493265629;1.141527307;1.141527307;241.8684997559
8.4;9.02;0.43;707.24;-109.4;1.1856453419;1.1856453419;1.149472487;1.149472487;243.0541381836
8.35;9.02;0.42;699.43;-110.2;1.1815212965;1.1815212965;1.1570052624;1.1570052624;244.2356567383
8.4;9.02;0.45;701.38;-107.8;1.1656433344;1.1656433344;1.1609500408;1.1609500408;245.4013061523
8.4;9.02;0.63;701.38;-103.1;0.9354522228000001;0.9354522228000001;1.1448719382;1.1448719382;246.3367614746
8.4;9.02;0.68;698.45;-104.1;0.9492891431;0.9492891431;1.128868252;1.128868252;247.2860565186
8.5;9.01;0.66;702.34;-102.1;0.9534963965000001;0.9534963965000001;1.113772893;1.113772893;248.2395477295
8.6;9.01;0.51;698.93;-106.8;1.1056892872;1.1056892872;1.1017694473;1.1017694473;249.3452301025
8.6;9.01;0.47000000000000003;703.3;-106.6;1.1064573526;1.1064573526;1.1017694473;1.1017694473;250.4516906738
8.7;9.01;0.45;695.54;-110.6;1.1075322628;1.1075322628;1.0840053201;1.0840053201;251.5592193604
8.8;9.01;0.41000000000000003;703.76;-146.8;1.121096015;1.121096015;1.0811822653;1.0811822653;252.6803131104
8.8;9.01;0.45;697.96;-154.6;1.1057887077;1.1057887077;1.0731966019;1.0731966019;253.7861022949
8.9;9.0;0.47000000000000003;698.93;-133.6;1.1044499874;1.1044499874;1.065489471;1.065489471;254.8905487061
8.9;9.0;0.43;701.82;-147.8;1.1076133251;1.1076133251;1.05968647;1.05968647;255.9981689453
9.0;9.0;0.58;698.44;-145.3;1.0937216282;1.0937216282;1.0755134106;1.0755134106;257.0918884277
9.18;9.03;8.85;778.12;-29.9;0.3558395207;;1.0161684483;1.0161684483;257.4477233887
9.0;8.98;8.02;754.61;-33.2;0.33659321070000003;;0.9544781297;0.9544781297;257.7843017578
8.9;8.96;7.73;755.25;-38.5;0.3393388391;;0.8778430849000001;0.8778430849000001;258.123626709
8.9;8.95;7.43;756.69;-56.6;0.3393388391;;0.8011312336;0.8011312336;258.4629516602
8.8;8.95;7.39;752.99;-64.5;0.33659321070000003;;0.7240373284;0.7240373284;258.7995300293
8.7;8.95;7.37;755.08;-67.9;0.3390612602;;0.6458338529000001;0.6458338529000001;259.1385803223
8.6;8.95;7.2;748.44;-70.1;0.3362978399;;0.5688847661;;259.4748840332
8.5;8.96;7.23;753.45;-71.7;0.3311424553;;0.4915540129;;259.8060302734
8.4;8.97;7.18;746.77;-70.2;0.3263033628;;0.41342301670000003;;260.1323242188
8.4;8.97;6.97;739.45;-73.4;0.2965569198;;0.33370654580000003;;260.428894043
8.3;8.97;7.13;742.99;-71.8;0.3096300066;;0.3290855944;;260.7385253906
8.2;8.97;7.05;750.97;-72.9;0.3106034398;;0.3264866173;;261.0491333008
8.2;8.97;6.78;746.55;-72.9;0.30995008350000003;;0.3235477418;;261.3590698242
8.1;8.97;7.0;744.23;-73.9;0.3033896983;;0.3199528277;;261.6624450684
8.08;8.98;6.93;737.26;-74.8;0.2716777325;;0.3134612799;;261.9341125488
8.0;8.98;6.72;744.85;-75.3;0.3013487756;;0.3096900314;;262.2354736328
7.93;8.98;6.98;741.88;-75.1;0.2324566841;;0.2993059158;;262.4679260254
7.9;8.98;6.97;746.97;-76.0;0.2324566841;;0.2894373387;;262.700378418
7.9;8.99;6.7;744.0;-76.6;0.2322911322;;0.2800361156;;262.9326782227
7.8;8.99;7.0;746.11;-76.6;0.2322911322;;0.2736095369;;263.1649780273
7.8;8.99;7.27;744.62;-76.6;0.2322911322;;0.26587564950000003;;263.397277832
7.7;8.99;7.16;743.76;-77.3;0.2322911322;;0.2580444187;;263.6295776367
7.7;8.99;7.04;748.24;-78.3;0.2329266965;;0.25034208;;263.8625183105
7.7;8.99;7.25;745.25;-77.9;0.2322911322;;0.2432322234;;264.0948181152
7.7;8.99;7.25;736.29;-78.5;0.2323093712;;0.2392953873;;264.3271179199
7.8;8.98;6.85;741.65;-79.3;0.2324566841;;0.2324061781;;264.5595703125
7.8;8.98;6.99;746.11;-78.6;0.2324566841;;0.2324061781;;264.7920227051
7.9;8.98;6.98;735.09;-78.9;0.2330254316;;0.23246305290000002;;265.0250549316
8.0;8.97;6.73;750.78;-79.2;0.3020021319;;0.23943415280000002;;265.3270568848
8.1;8.97;6.85;742.75;-78.3;0.3033896983;;0.2465440094;;265.6304321289
8.2;8.96;6.85;740.66;-78.4;0.2800918519;;0.2513240814;;265.9105224609
8.3;8.96;6.72;734.18;-78.4;0.276456207;;0.2557405889;;266.1869812012
8.4;8.96;6.71;737.99;-74.9;0.2984770238;;0.26229562160000003;;266.4854431152
8.5;8.95;6.61;743.23;-78.6;0.3310758173;;0.2721740901;;266.8165283203
8.65;8.94;6.5;731.41;-78.8;0.28541636470000004;;0.2774847895;;267.1019592285
8.73;8.94;6.76;741.39;-78.8;0.3027056456;;0.2845096856;;267.4046630859
8.9;8.93;6.48;740.8;-79.1;0.3095403612;;0.2922180533;;267.7142028809
9.1;8.92;6.35;742.49;-79.3;0.3325807452;;0.3021735847;;268.0467834473
9.2;8.92;6.45;731.86;-78.8;0.2862505019;;0.3005984217;;268.3330383301
9.3;8.91;6.15;739.86;-79.9;0.3023781478;;0.3004972667;;268.6354064941
9.4;8.91;6.12;732.15;-79.5;0.2859516442;;0.3010832459;;268.9213562012
9.6;8.91;6.03;736.69;-80.3;0.3023799062;;0.3036756158;;269.2237243652
9.7;8.9;5.88;730.46;-80.3;0.2866594791;;0.3024938613;;269.5103759766
9.7;8.9;6.03;729.05;-80.1;0.2866594791;;0.2980522275;;269.7970275879
9.8;8.9;6.07;735.54;-77.5;0.3046628833;;0.2999768794;;270.1016845703
9.8;8.91;5.98;731.32;-76.3;0.28697630760000004;;0.2984039456;;270.388671875
9.8;8.9;6.07;728.5;-76.3;0.2826691866;;0.2957168281;;270.6713562012
9.8;8.9;6.05;735.54;-78.7;0.3046628833;;0.2929250419;;270.9760131836
9.8;8.9;5.85;736.95;-80.5;0.3041124046;;0.2947112322;;271.2801208496
9.7;8.91;6.02;730.46;-80.7;0.2859516442;;0.2930685818;;271.5660705566
9.58;8.91;6.11;730.0;-81.9;0.2859516442;;0.2930685818;;271.8520202637
9.2;8.92;6.19;737.59;-82.9;0.30138817430000003;;0.29296940860000004;;272.1534118652
8.8;8.94;6.65;738.51;-83.8;0.3050151765;;0.29480497840000003;;272.4584350586
8.5;8.96;6.65;735.93;-85.0;0.3012357056;;0.296262601;;272.7596740723
8.2;8.97;6.95;730.36;-83.5;0.2622368336;;0.292019996;;273.0219116211
7.8;8.99;7.31;737.18;-83.0;0.2323093712;;0.2865533024;;273.2542114258
7.6;9.0;6.87;735.4;-80.7;0.23244431610000002;;0.2815308154;;273.4866638184
7.3;9.02;7.14;731.2;-83.6;0.21341121200000002;;0.2724056482;;273.7000732422
6.9;9.03;7.53;727.51;-82.9;0.20878076550000002;;0.2628724843;;273.9088439941
6.7;9.03;7.64;733.32;-83.6;0.2294671685;;0.2572240368;;274.1383056641
6.53;9.04;7.66;732.36;-83.9;0.2170174122;;0.25033061360000003;;274.3553161621
6.5;9.05;7.73;725.28;-84.0;0.2109454423;;0.24128634040000002;;274.5662536621
6.4;9.05;7.74;721.22;-84.3;0.2148023993;;0.23226506260000002;;274.7810668945
6.4;9.05;7.8100000000000005;727.43;-84.1;0.2299376279;;0.2251352549;;275.0110168457
6.4;9.05;7.73;733.63;-84.4;0.2499261498;;0.22390418650000002;;275.2609558105
6.38;9.05;7.82;729.41;-84.1;0.2357271165;;0.22424596100000002;;275.496673584
6.3;9.05;7.78;732.7;-84.6;0.2499261498;;0.2259941444;;275.7466125488
6.3;9.05;7.63;737.36;-85.5;0.24984201790000002;;0.22963722500000003;;275.9964599609
6.3;9.05;7.65;729.59;-85.4;0.2357271165;;0.2323318601;;276.2321777344
6.3;9.05;7.61;731.14;-85.6;0.2357271165;;0.2329578549;;276.4678955078
6.3;9.05;7.35;732.7;-86.6;0.2499261498;;0.2362487286;;276.7178344727
6.3;9.05;7.53;735.81;-85.8;0.2503925562;;0.24019344;;276.9682312012
6.3;9.05;7.15;724.92;-87.6;0.22242829200000003;;0.2409560293;;277.1906738281
6.3;9.05;7.33;735.81;-87.3;0.2503925562;;0.2430015221;;277.4410705566
6.38;9.05;7.24;727.86;-87.2;0.2294897884;;0.240957886;;277.6705627441
6.38;9.05;7.35;735.62;-86.8;0.2503925562;;0.24242443;;277.9209594727
6.4;9.05;7.49;735.18;-86.2;0.2503925562;;0.2424710706;;278.1713562012
6.4;9.05;7.52;725.87;-85.8;0.22242829200000003;;0.23972969800000002;;278.3937988281
6.4;9.05;7.5;724.32;-86.1;0.22242829200000003;;0.2383998156;;278.6162414551
6.4;9.04;7.31;725.87;-86.6;0.223003149;;0.23712741880000002;;278.8392333984
6.4;9.05;7.33;722.77;-78.2;0.2226513326;;0.2343999371;;279.0618896484
6.4;9.05;7.35;732.08;-86.3;0.2357271165;;0.2329333931;;279.2976074219
6.4;9.05;7.34;733.63;-86.8;0.2499261498;;0.2356831789;;279.5475463867
6.4;9.05;7.27;722.77;-87.0;0.2226513326;;0.23290905650000002;;279.7702026367
6.4;9.05;7.33;725.87;-87.1;0.22242829200000003;;0.2322029069;;279.9926452637
6.4;9.05;8.32;724.32;-83.4;0.22242829200000003;;0.2294064805;;280.2150878906
6.4;9.05;7.06;727.43;-88.3;0.2299376279;;0.22736098770000002;;280.4450378418
6.4;9.05;6.97;732.08;-88.1;0.2357271165;;0.2286908701;;280.6807556152
6.4;9.05;7.03;728.98;-87.9;0.2357271165;;0.2300207525;;280.9164733887
6.4;9.05;7.14;722.77;-87.8;0.2226513326;;0.22998557090000002;;281.1391296387
6.4;9.05;7.08;730.53;-88.0;0.2357271165;;0.2312931493;;281.3748474121
6.4;9.06;7.03;725.87;-87.7;0.2214001268;;0.22986045030000002;;281.5962524414
6.4;9.06;6.93;727.43;-87.8;0.2289094627;;0.22775878160000002;;281.8251647949
6.4;9.06;6.97;727.43;-87.4;0.2289094627;;0.22838459460000002;;282.0540771484
6.4;9.06;6.98;728.98;-87.3;0.2346989512;;0.2296116605;;282.2887878418
6.4;9.06;6.97;728.98;-87.5;0.2346989512;;0.2308387265;;282.5234985352
6.3;9.06;7.02;726.48;-87.7;0.2282731831;;0.230672282;;282.7517700195
6.3;9.06;7.03;726.48;-87.8;0.2282731831;;0.22992688860000002;;282.9800415039
6.3;9.06;6.99;729.59;-88.2;0.2346989512;;0.2298240721;;283.2147521973
6.3;9.06;6.95;723.36;-88.0;0.2214001268;;0.2296989515;;283.4361572266
6.3;9.06;7.01;724.92;-87.9;0.2214001268;;0.2282662526;;283.6575622559
6.3;9.06;6.97;728.03;-87.5;0.22846162320000002;;0.2289724022;;283.8860168457
6.3;9.06;6.9;726.48;-87.5;0.2282731831;;0.2289087743;;284.1142883301
6.3;9.06;6.75;729.59;-88.5;0.2346989512;;0.2294877231;;284.3489990234
6.3;9.07;6.7;731.14;-72.9;0.19645480810000002;;0.22566330880000002;;284.5454406738
6.3;9.06;6.93;724.92;-87.7;0.2214001268;;0.2243334264;;284.7668457031
6.3;9.06;6.9;729.59;-87.9;0.2346989512;;0.2249760032;;285.0015563965
6.3;9.06;7.0;729.59;-87.6;0.2346989512;;0.22561858;;285.2362670898
6.3;9.06;6.99;728.03;-87.9;0.22846162320000002;;0.22499484720000001;;285.4647216797
6.3;9.06;7.07;731.14;-87.5;0.2346989512;;0.2263247296;;285.699432373
6.3;9.06;6.9;728.03;-88.6;0.22846162320000002;;0.22703087930000002;;285.9278869629
6.3;9.07;6.61;728.03;-89.6;0.1902173758;;0.2232064545;;286.1181030273
6.3;9.07;6.72;737.36;-87.9;0.2105696946;;0.2214361057;;286.3286743164
6.3;9.07;6.7;731.14;-87.3;0.19645480810000002;;0.2176116914;;286.5251159668
6.3;9.07;6.59;734.25;-87.7;0.2106538266;;0.2190315932;;286.7357788086
6.3;9.07;6.58;724.92;-86.8;0.1831558794;;0.21520716850000002;;286.9189453125
6.3;9.06;6.77;732.7;-85.9;0.2488979846;;0.21662707180000002;;287.1678466797
6.3;9.07;6.8;729.59;-86.6;0.19645480810000002;;0.21280265750000002;;287.3642883301
6.3;9.07;6.8100000000000005;729.59;-86.6;0.19645480810000002;;0.20960197600000002;;287.5607299805
6.3;9.07;6.82;728.03;-85.6;0.1902173758;;0.20515381840000002;;287.7509460449
6.3;9.07;6.76;734.25;-86.3;0.2106538266;;0.20337303880000002;;287.9616088867
6.3;9.07;6.67;731.14;-86.6;0.19645480810000002;;0.20399678200000002;;288.1580505371
6.3;9.06;6.85;728.03;-85.6;0.22846162320000002;;0.2057859749;;288.386505127
6.3;9.06;6.77;729.59;-86.8;0.2346989512;;0.2096103892;;288.6212158203
6.3;9.07;6.77;731.14;-85.2;0.19645480810000002;;0.2081904873;;288.8176574707
6.3;9.07;6.96;735.81;-83.8;0.21112020310000001;;0.2109869197;;289.0287780762
6.3;9.07;7.01;732.7;-83.5;0.2106538266;;0.20716250390000002;;289.239440918
6.3;9.07;6.86;729.59;-84.0;0.19645480810000002;;0.20716250390000002;;289.4358825684
6.3;9.07;6.86;735.81;-83.6;0.21112020310000001;;0.20862904340000002;;289.6470031738
6.3;9.07;6.8;734.25;-83.9;0.2106538266;;0.2106726885;;289.8576660156
6.3;9.07;6.8100000000000005;738.92;-83.3;0.2106896788;;0.2106762737;;290.068359375
6.38;9.07;6.8100000000000005;729.41;-84.0;0.19645480810000002;;0.2106762737;;290.2648010254
6.4;9.07;6.77;735.18;-83.0;0.21112020310000001;;0.2089421317;;290.4759216309
6.4;9.07;6.64;736.73;-83.6;0.2105696946;;0.20652920600000002;;290.6864929199
6.5;9.06;6.64;737.65;-84.8;0.2295264006;;0.2098363653;;290.916015625
6.5;9.06;6.59;731.46;-85.4;0.2158613056;;0.2103104755;;291.1318664551
6.5;9.06;6.58;723.73;-86.2;0.20991727710000002;;0.2102368206;;291.341796875
6.4;9.06;6.64;732.08;-86.5;0.2346989512;;0.2140612349;;291.5765075684
6.45;9.06;6.55;732.54;-88.5;0.230060339;;0.2159552485;;291.8065795898
6.5;9.06;6.5600000000000005;729.92;-88.8;0.2158613056;;0.2164759964;;292.0224304199
6.4;9.06;6.54;728.98;-89.8;0.2346989512;;0.2188769236;;292.2571411133
6.4;9.06;6.93;733.63;-88.1;0.2488979846;;0.2241212413;;292.5060424805
6.4;9.06;6.7;738.28;-87.2;0.2489338368;;0.2279026046;;292.7549743652
6.5;9.06;6.11;739.19;-89.5;0.23093694450000002;;0.22993932960000002;;292.9859008789
6.7;9.06;2.44;737.93;-114.6;0.2326972336;;0.2302564129;;293.2185974121
6.9;9.06;1.38;725.98;-151.1;0.21081219610000002;;0.22975150200000002;;293.4294128418
7.0;9.06;1.18;736.06;-167.5;0.2305520475;;0.231814979;;293.6599731445
7.2;9.05;1.17;740.89;-170.6;0.2298332602;;0.2313284099;;293.8898010254
7.4;9.05;1.23;754.7;-151.0;0.23162861170000001;;0.2314852372;;294.1214294434
7.4;9.05;1.67;759.22;-132.7;0.22762975100000002;;0.2326620817;;294.3490600586
7.5;9.04;2.02;784.08;-127.9;0.2614718378;;0.2353393704;;294.610534668
7.5;9.04;2.67;802.1;-139.3;0.2599526942;;0.2364448413;;294.8704833984
7.5;9.04;3.4;812.62;-129.1;0.2599526942;;0.23754672710000002;;295.1304321289
7.6;9.04;3.39;822.27;-127.2;0.26345956330000003;;0.2407989889;;295.3938903809
7.5;9.04;4.26;833.65;-114.2;0.2596660554;;0.2434958711;;295.6535644531
7.5;9.05;4.82;838.15;-98.4;0.26032000780000003;;0.24844665230000001;;295.9138793945
7.5;9.05;4.42;853.17;-103.5;0.26032000780000003;;0.2514234483;;296.1741943359
7.5;9.05;4.77;854.68;-112.8;0.26032000780000003;;0.2544721231;;296.4345092773
7.5;9.05;5.0;874.2;-105.2;0.2596531212;;0.25727457400000003;;296.694152832
7.45;9.06;4.77;882.98;-97.7;0.2600142956;;0.2605130285;;296.9541625977
7.4;9.07;5.41;887.26;-91.6;0.2016646117;;0.25453230590000003;;297.1558227539
7.4;9.07;5.69;893.29;-87.2;0.2016646117;;0.24870349760000002;;297.3574829102
7.2;9.07;5.41;904.52;-89.7;0.2016646117;;0.2428746894;;297.5591430664
7.2;9.08;5.69;906.03;-90.6;0.1328646392;;0.22981519700000003;;297.6920166016
7.1;9.07;6.37;919.3;-93.6;0.1885122508;;0.2226998165;;297.8805236816
7.1;9.07;6.39;917.78;-102.1;0.1885122508;;0.2155190408;;298.0690307617
7.05;9.08;6.01;928.24;-88.5;0.11824392530000001;;0.2013114326;;298.187286377
7.0;9.08;6.1;929.59;-91.3;0.11824392530000001;;0.1871038243;;298.3055419922
6.9;9.09;6.37;939.95;-88.8;0.1172619015;;0.1728647023;;298.4227905273
6.9;9.09;5.69;946.06;-98.4;0.1172619015;;0.1585894629;;298.5400390625
6.9;9.09;5.83;941.48;-101.7;0.1172619015;;0.1501491919;;298.6572875977
6.8;9.09;6.52;942.7;-100.9;0.117303662;;0.1417130969;;298.774597168
6.8;9.09;6.1;950.37;-101.1;0.117303662;;0.133277002;;298.8919067383
6.8;9.1;6.11;954.96;-96.9;0.10619376600000001;;0.1306099147;;298.9981079102
6.7;9.1;6.24;957.77;-89.7;0.1073064953;;0.12248933910000001;;299.1054077148
6.7;9.1;5.7;956.23;-91.6;0.10619376600000001;;0.1142574906;;299.2116088867
6.7;9.1;6.09;950.08;-89.8;0.10619376600000001;;0.1130524747;;299.3178100586
6.7;9.1;6.55;960.84;-83.8;0.1011771187;;0.1113457941;;299.4189758301
6.7;9.1;5.96;954.69;-91.7;0.10619376600000001;;0.1102389805;;299.525177002
6.7;9.1;6.47;953.16;-85.8;0.10619376600000001;;0.109132167;;299.6313781738
6.73;9.09;6.75;960.0;-83.2;0.1122870147;;0.10863467830000001;;299.7436523438
7.0;9.08;5.77;960.07;-95.3;0.1131097749;;0.1082152896;;299.8567504883
7.1;9.08;6.16;960.33;-109.3;0.1131097749;;0.1077959009;;299.9698486328
7.1;9.08;5.44;958.81;-120.8;0.1131097749;;0.1084875017;;300.0829467773
7.1;9.08;5.62;961.85;-124.6;0.11641092600000001;;0.10939794480000001;;300.1993713379
7.1;9.08;6.07;955.77;-125.0;0.1181264296;;0.1105912112;;300.3175048828
7.2;9.07;5.24;960.58;-127.0;0.18190988900000002;;0.1181628235;;300.499420166
7.1;9.08;5.7;954.25;-123.5;0.1181264296;;0.1198577546;;300.6175537109
7.1;9.08;6.33;940.57;-113.3;0.1181264296;;0.1210510209;;300.7356872559
7.1;9.08;5.66;948.17;-121.6;0.1181264296;;0.1222442873;;300.8538208008
7.1;9.08;5.99;957.29;-119.8;0.1192391366;;0.12293949950000001;;300.9730529785
7.0;9.08;6.39;946.36;-112.8;0.1181264296;;0.12344116490000001;;301.0911865234
7.0;9.08;5.7;957.03;-118.2;0.1192391366;;0.12405410110000001;;301.2104187012
6.9;9.09;6.06;961.35;-116.1;0.1155464053;;0.12429776420000001;;301.325958252
6.8;9.1;6.71;961.1;-108.0;0.10447826980000001;;0.1231044985;;301.4304504395
6.8;9.1;6.22;962.63;-109.8;0.10447826980000001;;0.12173968260000001;;301.534942627
6.7;9.1;5.9;965.46;-115.0;0.1070103198;;0.1142497256;;301.6419677734
6.7;9.1;6.31;951.62;-113.4;0.10619376600000001;;0.11305645930000001;;301.7481689453
6.7;9.1;5.69;953.16;-123.4;0.10619376600000001;;0.1118631929;;301.8543701172
6.63;9.1;5.99;952.04;-112.1;0.10619376600000001;;0.11066992660000001;;301.9605712891
6.7;9.1;6.15;953.16;-95.9;0.10619376600000001;;0.10936538950000001;;302.0667724609
6.65;9.1;5.51;953.02;-96.2;0.10619376600000001;;0.1081721231;;302.1729736328
6.6;9.1;6.01;954.42;-105.7;0.10619376600000001;;0.10686758610000001;;302.2791748047
6.63;9.1;6.0;955.12;-102.3;0.10619376600000001;;0.1059323221;;302.3853759766
6.6;9.1;5.65;946.71;-108.3;0.10619376600000001;;0.1061038718;;302.4915771484
6.6;9.1;5.86;951.34;-105.7;0.10619376600000001;;0.1062754214;;302.5977783203
6.6;9.1;6.25;948.25;-101.2;0.10619376600000001;;0.10619376600000001;;302.7039794922
6.6;9.09;5.42;949.8;-102.8;0.117303662;;0.10730475560000001;;302.8212890625
6.6;9.1;5.8;948.25;-97.9;0.10619376600000001;;0.10730475560000001;;302.9274902344
6.6;9.1;6.23;949.8;-99.0;0.10619376600000001;;0.10730475560000001;;303.0336914062
6.6;9.1;5.35;946.71;-103.1;0.10619376600000001;;0.10730475560000001;;303.1398925781
6.6;9.09;5.86;946.71;-103.9;0.117303662;;0.10841574520000001;;303.2572021484
6.6;9.1;6.31;952.88;-105.3;0.10619376600000001;;0.10841574520000001;;303.3634033203
6.6;9.09;6.35;943.63;-96.2;0.117303662;;0.1095267348;;303.4807128906
6.6;9.09;5.75;946.71;-106.9;0.117303662;;0.1106377244;;303.5980224609
6.6;9.1;5.48;949.8;-91.2;0.10619376600000001;;0.1106377244;;303.7042236328
6.6;9.1;6.17;955.96;-90.6;0.10619376600000001;;0.1106377244;;303.8104248047
6.6;9.09;5.45;959.05;-94.6;0.1122870147;;0.11013605970000001;;303.9226989746
6.6;9.1;5.16;957.51;-92.3;0.1073064953;;0.1102473326;;304.0299987793
6.6;9.1;5.54;954.42;-90.7;0.10619376600000001;;0.1102473326;;304.1361999512
6.6;9.1;5.29;943.63;-100.0;0.10619376600000001;;0.1102473326;;304.242401123
6.6;9.1;4.84;952.88;-104.8;0.10619376600000001;;0.10913634300000001;;304.3486022949
6.6;9.1;5.0;946.71;-102.2;0.10619376600000001;;0.10913634300000001;;304.4548034668
6.6;9.1;4.32;955.96;-102.6;0.10619376600000001;;0.10802535340000001;;304.5610046387
6.6;9.1;4.54;945.17;-103.4;0.10619376600000001;;0.10691436380000001;;304.6672058105
6.6;9.1;4.79;949.8;-96.0;0.10619376600000001;;0.10691436380000001;;304.7734069824
6.6;9.1;4.18;948.25;-96.6;0.10619376600000001;;0.10691436380000001;;304.8796081543
6.6;9.1;3.98;943.63;-92.2;0.10619376600000001;;0.10630503890000001;;304.9858093262
6.6;9.1;4.44;946.71;-91.4;0.10619376600000001;;0.10619376600000001;;305.092010498
6.8;9.1;3.45;947.3;-89.0;0.10619376600000001;;0.10619376600000001;;305.1982116699
6.8;9.09;3.7800000000000002;938.1;-88.0;0.117303662;;0.10730475560000001;;305.3155212402
6.7;9.1;4.39;943.93;-96.8;0.10619376600000001;;0.10730475560000001;;305.4217224121
6.6;9.1;4.53;934.38;-125.6;0.1063112617;;0.10731650520000001;;305.5280456543
6.6;9.1;4.51;939.0;-126.8;0.10619376600000001;;0.10731650520000001;;305.6342468262
6.6;9.1;4.28;935.92;-126.9;0.1063112617;;0.1073282547;;305.7405700684
6.6;9.1;4.5600000000000005;935.92;-132.2;0.1063112617;;0.1073400043;;305.8468933105
6.6;9.11;4.39;925.13;-124.5;0.1063112617;;0.1073517539;;305.9532165527
6.6;9.11;4.1;928.21;-114.4;0.1063112617;;0.1073635034;;306.0595397949
6.6;9.11;3.9699999999999998;931.29;-113.5;0.1063112617;;0.107375253;;306.1658630371
6.6;9.11;3.86;935.92;-102.7;0.1063112617;;0.1073870026;;306.2721862793
6.6;9.11;3.54;925.13;-107.0;0.1063112617;;0.10628776250000001;;306.3785095215
6.6;9.11;4.16;922.04;-124.6;0.1063455269;;0.10630293860000001;;306.4848632812
6.6;9.11;4.22;929.75;-116.6;0.1063112617;;0.10630293860000001;;306.5911865234
6.6;9.1;3.7800000000000002;929.75;-106.9;0.1063112617;;0.10631468820000001;;306.6975097656
6.6;9.11;3.74;920.5;-106.3;0.1063455269;;0.10631811470000001;;306.8038635254
6.6;9.1;3.47;923.58;-98.2;0.1063455269;;0.10632154120000001;;306.9102172852
6.6;9.11;3.66;920.5;-126.1;0.1063455269;;0.10632496770000001;;307.0165710449
6.6;9.11;3.7199999999999998;925.13;-126.4;0.1063112617;;0.10632496770000001;;307.1228942871
6.6;9.11;3.41;917.42;-125.1;0.1077795774;;0.1064717993;;307.230682373
6.6;9.11;2.8200000000000003;909.71;-81.4;0.11187429730000001;;0.1070281029;;307.3425598145
6.6;9.11;2.77;911.25;-103.3;0.11187429730000001;;0.1075844064;;307.4544372559
6.6;9.1;2.56;911.25;-119.4;0.11187429730000001;;0.1081372835;;307.5663146973
6.6;9.11;2.68;911.25;-103.1;0.11187429730000001;;0.10869358700000001;;307.6781921387
6.6;9.11;2.7;912.79;-99.5;0.11187429730000001;;0.10924989060000001;;307.7900695801
6.6;9.11;2.49;909.71;-102.6;0.11187429730000001;;0.1098027676;;307.9019470215
6.6;9.11;1.78;909.71;-96.3;0.11187429730000001;;0.1103556447;;308.0138244629
6.6;9.11;1.74;905.08;-100.6;0.1122953519;;0.1109506272;;308.1261291504
6.6;9.11;1.8;906.62;-95.4;0.1122953519;;0.1115490362;;308.2384338379
6.6;9.11;1.72;902.0;-99.3;0.1122953519;;0.1120006137;;308.3507385254
6.6;9.11;1.94;902.0;-110.0;0.1122953519;;0.11204271910000001;;308.4630432129
6.6;9.1;1.73;914.33;-115.7;0.1077795774;;0.1116332471;;308.5708312988
6.6;9.1;2.29;905.08;-100.1;0.1122953519;;0.1116753526;;308.6831359863
6.6;9.1;2.55;914.33;-102.0;0.1077795774;;0.1112658806;;308.7909240723
6.6;9.1;2.88;906.62;-98.3;0.1122953519;;0.1113079861;;308.9032287598
6.6;9.1;3.63;911.25;-98.8;0.11187429730000001;;0.1113079861;;309.0151062012
6.6;9.09;3.67;912.79;-99.0;0.1297504902;;0.11309560540000001;;309.1448669434
6.6;9.09;3.59;909.71;-99.9;0.1297504902;;0.11484111920000001;;309.2746276855
6.6;9.09;3.5700000000000003;917.42;-95.3;0.1188894734;;0.1155005313;;309.3935241699
6.7;9.09;3.9699999999999998;911.65;-105.8;0.1297504902;;0.11724604520000001;;309.5232849121
6.7;9.08;4.02;925.48;-98.1;0.11828570070000001;;0.11784508;;309.6415710449
6.6;9.09;4.06;923.58;-102.9;0.11745542290000001;;0.1188126646;;309.7590332031
6.5;9.09;4.84;924.77;-98.0;0.1172923148;;0.11931236090000001;;309.8763122559
6.4;9.1;4.34;929.06;-102.9;0.1235139742;;0.12088580060000001;;309.9998168945
6.4;9.1;3.71;918.2;-88.0;0.12498229;;0.12215449440000001;;310.124786377
6.35;9.1;3.12;921.11;-99.2;0.1235482395;;0.1233218886;;310.2483215332
6.4;9.1;3.01;925.95;-102.3;0.1235139742;;0.122698237;;310.3718261719
6.33;9.1;3.91;924.77;-96.9;0.1235139742;;0.1220745854;;310.4953308105
6.33;9.1;4.25;930.99;-96.3;0.1235139742;;0.1225370355;;310.6188354492
6.4;9.09;3.67;925.95;-96.9;0.13462395970000002;;0.1230243824;;310.7534484863
6.4;9.1;3.35;924.4;-99.1;0.1235139742;;0.1235472098;;310.876953125
6.4;9.1;3.37;927.51;-96.9;0.1235139742;;0.1241530649;;311.0004577637
6.4;9.1;2.7800000000000002;924.4;-100.5;0.1235139742;;0.1247752309;;311.1239624023
6.4;9.1;2.31;927.51;-105.1;0.1235139742;;0.1247752309;;311.247467041
6.4;9.09;3.0;922.85;-101.7;0.1346582174;;0.1257428236;;311.3821105957
6.6;9.09;4.54;917.42;-91.8;0.1188894734;;0.125276947;;311.5010070801
6.6;9.09;3.9699999999999998;932.84;-93.2;0.1174211577;;0.1246676654;;311.6184387207
6.7;9.09;2.7800000000000002;939.32;-98.0;0.117303662;;0.12404663410000001;;311.735748291
6.75;9.08;2.25;937.94;-105.3;0.11816820500000001;;0.12351205720000001;;311.8539123535
6.9;9.08;2.25;944.54;-116.2;0.1181264296;;0.12186230420000001;;311.9720458984
6.9;9.08;2.2800000000000002;946.06;-122.0;0.1181264296;;0.1213235497;;312.0901794434
6.8;9.08;2.95;954.96;-123.8;0.11816820500000001;;0.1207889728;;312.2083435059
6.8;9.08;3.2;964.16;-120.7;0.1164526939;;0.1200828448;;312.324798584
6.8;9.09;2.22;970.29;-130.7;0.1181202158;;0.11954346900000001;;312.4429321289
6.7;9.09;2.49;976.22;-126.8;0.1181202158;;0.1178896688;;312.5610656738
6.7;9.1;2.18;976.22;-140.2;0.1070103198;;0.11670175340000001;;312.6680908203
6.7;9.1;2.44;985.44;-134.9;0.1070103198;;0.11566066970000001;;312.7751159668
6.7;9.1;2.6;980.83;-130.4;0.1070103198;;0.1146313354;;312.8821411133
6.7;9.09;2.2800000000000002;988.52;-133.8;0.1181202158;;0.1146265365;;313.0002746582
6.6;9.1;4.13;992.97;-113.7;0.1070103198;;0.1135149255;;313.1072998047
6.6;9.1;3.11;997.59;-121.6;0.1070103198;;0.1124033146;;313.2143249512
6.6;9.1;2.55;1002.22;-139.2;0.1070103198;;0.11128752600000001;;313.3213500977
6.6;9.1;2.56;997.59;-142.1;0.1070103198;;0.1103432886;;313.4283752441
6.6;9.1;3.04;1002.22;-136.2;0.1070103198;;0.109232299;;313.5354003906
6.6;9.1;3.01;1002.22;-141.3;0.1070103198;;0.1081213094;;313.6424255371
6.6;9.1;3.36;1006.85;-138.4;0.1070103198;;0.1081213094;;313.7494506836
6.6;9.1;2.7800000000000002;1011.47;-136.7;0.1070103198;;0.1081213094;;313.8564758301
6.6;9.1;2.63;1009.93;-147.4;0.1070103198;;0.1081213094;;313.9635009766
6.6;9.1;2.58;1014.56;-141.4;0.1070103198;;0.1070103198;;314.070526123
6.6;9.1;2.64;1006.85;-138.4;0.1070103198;;0.1070103198;;314.1775512695
6.6;9.1;3.12;1020.72;-129.5;0.1070103198;;0.1070103198;;314.284576416
6.6;9.1;3.87;1017.64;-121.3;0.1070103198;;0.1070103198;;314.3916015625
6.6;9.09;5.28;1016.1;-104.3;0.1181202158;;0.1081213094;;314.5097351074
6.6;9.1;4.72;1014.56;-109.2;0.1070103198;;0.1081213094;;314.6167602539
6.7;9.09;3.66;1016.19;-128.2;0.1181202158;;0.109232299;;314.7348937988
6.7;9.09;2.93;1017.73;-136.8;0.1181202158;;0.1103432886;;314.8530273438
6.7;9.09;4.67;1025.41;-113.4;0.1181202158;;0.1114542782;;314.9711608887
6.8;9.08;4.08;1022.41;-118.6;0.11898473650000001;;0.1126517199;;315.0901489258
6.9;9.08;3.68;1027.07;-131.8;0.11894296850000001;;0.11384498480000001;;315.2091064453
7.0;9.08;5.32;1025.6;-104.8;0.11894296850000001;;0.1150382496;;315.3280639648
7.1;9.07;4.84;1024.14;-107.3;0.18774296340000002;;0.123111514;;315.5158081055
7.2;9.06;4.96;1022.7;-105.3;0.24516256150000001;;0.1369267382;;315.7609558105
7.4;9.06;5.38;1018.32;-104.6;0.24516256150000001;;0.1496309727;;316.0061035156
7.5;9.06;3.27;1018.4;-122.2;0.24516256150000001;;0.1634461969;;316.2512512207
7.58;9.05;5.6;1020.56;-105.4;0.24677348140000002;;0.1763115235;;316.4980163574
7.6;9.05;6.16;1018.48;-93.6;0.24704772230000002;;0.18920427410000001;;316.7450561523
7.8;9.04;5.14;1012.69;-105.1;0.2469229102;;0.2020845436;;316.991973877
7.9;9.04;5.66;1017.24;-102.8;0.2469725013;;0.21488332000000002;;317.2389526367
8.0;9.03;5.65;1015.84;-95.3;0.33357232810000004;;0.236346256;;317.5725097656
8.1;9.03;5.77;1007.07;-100.4;0.33357232810000004;;0.2578091919;;317.9060668945
8.13;9.02;5.06;1010.65;-98.2;0.33357232810000004;;0.2723921284;;318.2396240234
8.2;9.02;3.17;1008.66;-121.5;0.3429743648;;0.2821733087;;318.582611084
8.3;9.02;3.36;1010.23;-121.0;0.3422586322;;0.29188291580000003;;318.9248657227
8.38;9.01;4.33;1009.44;-111.1;0.3457951248;;0.3019461721;;319.2706604004
8.4;9.01;4.74;1005.94;-107.2;0.3457951248;;0.3118483365;;319.6164550781
8.5;9.0;5.16;1007.52;-110.3;0.34595310690000003;;0.3217388749;;319.9624023438
8.6;9.0;4.83;1001.81;-101.6;0.3511262834;;0.3321592122;;320.3135375977
8.7;8.99;3.81;1003.38;-111.3;0.3511458933;;0.34257655140000004;;320.6646728516
8.65;9.0;1.75;1000.41;-144.1;0.3511262834;;0.344331947;;321.0158081055
8.6;9.0;2.2;1006.17;-138.0;0.3511262834;;0.3460873425;;321.3669433594
8.5;9.01;1.83;1007.52;-133.9;0.34595310690000003;;0.34732542040000003;;321.712890625
8.4;9.01;1.69;1008.87;-142.1;0.3457951248;;0.3476074964;;322.0586853027
8.4;9.01;3.35;1003.02;-114.9;0.3457951248;;0.3479611456;;322.4044799805
8.3;9.01;3.76;1007.3;-111.9;0.3422586322;;0.3476074964;;322.7467346191
8.2;9.02;5.13;1002.77;-98.4;0.3429743648;;0.34732542040000003;;323.0897216797
8.2;9.02;5.24;1004.24;-92.9;0.3429743648;;0.34702754620000004;;323.4327087402
8.18;9.03;5.02;1007.75;-98.4;0.3429743648;;0.3462123543;;323.7756958008
8.1;9.03;4.47;1005.6;-96.4;0.33357232810000004;;0.3444549978;;324.1092529297
8.0;9.03;4.5600000000000005;1006.96;-99.0;0.33357232810000004;;0.3426996022;;324.4428100586
8.0;9.03;4.2;1009.92;-102.8;0.33357232810000004;;0.34094420670000003;;324.7763671875
7.9;9.04;3.89;1003.88;-103.8;0.2469725013;;0.3310461462;;325.0233459473
7.9;9.04;4.99;1009.82;-98.0;0.2469725013;;0.3211638838;;325.270324707
7.9;9.04;3.88;1008.33;-105.4;0.2469725013;;0.3112816215;;325.5173034668
7.8;9.04;4.64;1008.22;-98.9;0.2469229102;;0.3017480493;;325.7642211914
7.8;9.04;4.66;999.29;-97.6;0.2469229102;;0.2921429038;;326.011138916
7.8;9.04;4.31;1009.71;-103.5;0.2469229102;;0.2825377584;;326.2580566406
7.7;9.05;4.54;1009.6;-100.2;0.24704772230000002;;0.2729450941;;326.5050964355
7.7;9.05;4.63;1011.1;-102.1;0.24704772230000002;;0.2642926335;;326.7521362305
7.6;9.05;4.05;1010.99;-104.4;0.24704772230000002;;0.255640173;;326.9991760254
7.6;9.05;4.64;1012.49;-97.5;0.24704772230000002;;0.2469877124;;327.2462158203
7.6;9.05;3.69;1013.99;-107.0;0.24704772230000002;;0.24699523450000002;;327.4932556152
7.7;9.04;4.42;1014.08;-103.4;0.2469229102;;0.24699027540000001;;327.7401733398
7.8;9.04;4.11;1018.65;-108.9;0.2469229102;;0.2469853163;;327.9870910645
7.9;9.04;4.15;1009.82;-102.2;0.2469725013;;0.24699027540000001;;328.2340698242
7.9;9.03;3.98;1012.79;-108.9;0.24572278560000002;;0.2468702629;;328.4797973633
8.1;9.02;4.83;1014.46;-96.1;0.33357232810000004;;0.2555352047;;328.8133544922
8.2;9.02;4.64;1016.02;-98.6;0.3429743648;;0.265127869;;329.1563415527
8.4;9.01;3.69;1011.8;-104.1;0.3457951248;;0.2750026092;;329.5021362305
8.6;9.0;3.62;1016.37;-109.2;0.3511262834;;0.2854104653;;329.8532714844
8.7;8.99;3.12;1017.9;-112.6;0.3511458933;;0.2958202824;;330.2044067383
8.9;8.99;3.18;1013.73;-113.1;0.3511458933;;0.3062300995;;330.5555419922
9.1;8.98;2.07;1012.48;-120.2;0.3513571024;;0.3166735187;;330.9068908691
9.2;8.97;2.41;1009.71;-120.3;0.35139092800000005;;0.3271203205;;331.2582702637
9.33;8.96;2.17;1008.99;-121.0;0.3496934474;;0.3373924151;;331.6079711914
9.6;8.95;1.8599999999999999;1010.12;-130.0;0.348737359;;0.3476938725;;331.9566955566
9.7;8.95;2.7;1008.8;-122.6;0.3523373604;;0.3495703757;;332.3090209961
9.8;8.94;1.8900000000000001;1006.09;-130.8;0.3475922048;;0.3500321597;;332.6566162109
9.8;8.94;1.43;1006.09;-137.4;0.3475922048;;0.3502118677;;333.0042114258
9.9;8.94;1.35;1004.79;-134.1;0.3475922048;;0.3498584598;;333.3518066406
10.0;8.93;1.24;996.5;-133.6;0.3474965096;;0.3494935215;;333.6993103027
10.0;8.93;1.32;1002.1;-126.6;0.3474965096;;0.3491285831;;334.0468139648
10.0;8.93;1.49;1003.5;-128.4;0.3474965096;;0.34874252380000004;;334.394317627
10.1;8.93;1.08;988.24;-136.7;0.2978868484;;0.3433921158;;334.692199707
10.1;8.93;1.21;999.43;-128.5;0.34763038160000004;;0.34318580930000003;;335.0398254395
10.1;8.93;1.1;998.03;-123.2;0.3538724482;;0.3436993182;;335.3937072754
10.1;8.93;0.97;988.24;-120.8;0.223638162;;0.3308293983;;335.6173400879
10.1;8.93;1.0;993.84;-118.4;0.22512954470000002;;0.3185831323;;335.8424682617
10.0;8.94;1.31;990.89;-121.3;0.3475922048;;0.3185831323;;336.1900634766
10.0;8.94;1.24;990.89;-128.7;0.3475922048;;0.3185831323;;336.5376586914
9.9;8.94;1.05;985.12;-128.5;0.292984575;;0.3131319389;;336.830657959
9.9;8.95;1.12;982.31;-124.8;0.3538342714;;0.3137657151;;337.1844787598
9.8;8.94;0.98;982.13;-124.8;0.22497755290000002;;0.3015138194;;337.4094543457
9.8;8.95;1.05;979.31;-130.5;0.292984575;;0.3010235921;;337.7024536133
9.7;8.95;1.13;979.13;-128.6;0.3548943698;;0.3017499909;;338.0573425293
9.7;8.95;1.03;972.07;-124.4;0.2336409241;;0.28972683850000003;;338.2909851074
9.5;8.96;0.96;980.18;-106.1;0.2321428508;;0.29057730730000003;;338.5231323242
9.5;8.96;1.0;971.66;-114.9;0.2251051962;;0.2905748725;;338.7482299805
9.38;8.97;0.97;966.28;-124.2;0.2270756364;;0.2785232157;;338.9753112793
9.08;8.98;1.48;967.05;-111.9;0.3513571024;;0.27889970540000003;;339.3266601562
8.78;9.0;3.01;972.18;-99.5;0.3511262834;;0.2847138762;;339.6777954102
8.5;9.01;1.73;962.25;-112.4;0.3434210122;;0.2836725503;;340.0212097168
8.2;9.03;2.31;964.48;-113.1;0.34044227;;0.295219022;;340.3616638184
7.9;9.04;1.74;959.33;-115.4;0.24113938210000002;;0.29003450270000003;;340.6028137207
7.6;9.05;1.9300000000000002;973.55;-111.6;0.24704772230000002;;0.27924983800000003;;340.8498535156
7.4;9.06;3.41;964.09;-103.3;0.2426305711;;0.28014880270000003;;341.0924987793
7.0;9.08;4.65;973.79;-95.9;0.11894296850000001;;0.2688288145;;341.2114562988
6.8;9.09;3.87;968.76;-104.2;0.1181202158;;0.2581303164;;341.3295898438
6.6;9.09;2.44;965.22;-110.9;0.1181202158;;0.2472347744;;341.4477233887
6.5;9.1;3.85;968.07;-98.0;0.10688147690000001;;0.2227872118;;341.5545959473
6.4;9.11;6.45;967.83;-86.5;0.1242130324;;0.2000958867;;341.6788024902
6.5;9.1;3.67;960.33;-101.3;0.1010482758;;0.1758586131;;341.7798461914
6.4;9.11;5.83;960.08;-98.0;0.1183798313;;0.1536523692;;341.898223877
6.4;9.1;6.43;961.63;-89.7;0.1216809824;;0.1417065293;;342.0198974609
6.4;9.1;4.41;964.73;-98.8;0.1216809824;;0.1291698553;;342.1415710449
6.4;9.1;6.47;966.28;-88.3;0.1242130324;;0.11732810140000001;;342.2657775879
6.4;9.1;4.53;956.97;-93.9;0.1245092079;;0.1178847253;;342.3902893066
6.4;9.1;5.93;960.08;-90.5;0.1183798313;;0.1179106869;;342.5086669922
6.4;9.1;8.71;964.73;-78.0;0.1216809824;;0.11826676350000001;;342.6303405762
6.4;9.1;5.1;956.97;-91.7;0.1245092079;;0.1200295366;;342.7548522949
6.4;9.11;4.5;953.87;-93.2;0.1233964786;;0.1199478813;;342.8782348633
6.4;9.1;6.25;961.63;-97.6;0.1216809824;;0.1220111519;;342.9999084473
6.4;9.1;5.75;955.42;-96.5;0.1233964786;;0.1225128166;;343.1232910156
6.4;9.1;5.73;952.32;-96.6;0.1233964786;;0.1226843663;;343.246673584
6.5;9.09;8.01;955.69;-84.9;0.11717481910000001;;0.12223374990000001;;343.363861084
6.4;9.1;5.33;967.83;-93.0;0.1242130324;;0.12223374990000001;;343.488067627
6.4;9.1;7.96;955.42;-83.2;0.1233964786;;0.12212247700000001;;343.6114501953
6.33;9.1;8.31;960.52;-80.0;0.1183798313;;0.12212247700000001;;343.7298278809
6.33;9.1;6.52;962.07;-88.4;0.1216809824;;0.12212247700000001;;343.8515014648
6.3;9.1;6.08;966.04;-88.3;0.1242130324;;0.1220928594;;343.9757080078
6.3;9.11;5.75;964.49;-91.7;0.1216809824;;0.1219213098;;344.0973815918
6.5;9.1;3.77;957.24;-103.8;0.1071776524;;0.1204709768;;344.2045593262
6.53;9.1;1.19;945.58;-126.8;0.1061290726;;0.1187442362;;344.3106994629
6.5;9.1;3.33;943.32;-112.3;0.1060649231;;0.1170110807;;344.4167785645
6.5;9.1;2.35;947.96;-106.6;0.1060649231;;0.1159000911;;344.522857666
6.4;9.12;5.23;1496.73;-105.6;0.0839133412;;0.111870122;;344.6067810059
6.4;9.12;5.24;1492.07;-102.7;0.0839133412;;0.10792180820000001;;344.6907043457
6.4;9.12;5.24;1490.52;-102.9;0.0839133412;;0.1044751592;;344.7746276855
6.4;9.12;5.61;1492.07;-101.6;0.0839133412;;0.1006983951;;344.8585510254
6.4;9.12;5.79;1493.63;-98.1;0.0839133412;;0.09666842590000001;;344.9424743652
6.4;9.12;5.7;1488.97;-101.3;0.0839133412;;0.0928916618;;345.0263977051
6.4;9.12;5.7;1488.97;-99.9;0.0839133412;;0.0905652307;;345.1103210449
6.4;9.12;5.9;1487.42;-94.0;0.0839133412;;0.0883436576;;345.1942443848
6.38;9.12;6.0;1486.75;-94.0;0.0839133412;;0.0861284994;;345.2781677246
6.4;9.12;5.5600000000000005;1493.63;-96.6;0.0839133412;;0.0839133412;;345.3620910645
6.33;9.12;5.86;1499.84;-106.7;0.0839133412;;0.0839133412;;345.4460144043
6.4;9.13;6.02;1506.03;-93.8;0.0839133412;;0.0839133412;;345.5299377441
6.4;9.12;6.16;1501.38;-92.8;0.0839133412;;0.0839133412;;345.613861084
6.38;9.12;6.12;1502.27;-94.1;0.0839133412;;0.0839133412;;345.6977844238
6.33;9.12;6.17;1498.28;-93.8;0.0839133412;;0.0839133412;;345.7817077637
6.3;9.13;6.31;1505.84;-93.5;0.0839133412;;0.0839133412;;345.8656311035
6.3;9.13;6.32;1505.84;-95.0;0.0839133412;;0.0839133412;;345.9495544434
6.3;9.13;6.31;1507.4;-93.0;0.0839133412;;0.0839133412;;346.0334777832
6.3;9.13;6.11;1504.29;-91.3;0.0839133412;;0.0839133412;;346.117401123
6.3;9.13;6.09;1499.62;-91.9;0.0839133412;;0.0839133412;;346.2013244629
6.3;9.13;6.07;1507.4;-91.0;0.0839133412;;0.0839133412;;346.2852478027
6.3;9.13;5.74;1507.4;-91.7;0.0839133412;;0.0839133412;;346.3691711426
6.3;9.13;5.64;1513.62;-92.4;0.0839133412;;0.0839133412;;346.4530944824
6.3;9.13;5.48;1510.51;-94.5;0.0839133412;;0.0839133412;;346.5370178223
6.3;9.12;5.12;1518.29;-103.6;0.0839133412;;0.0839133412;;346.6209411621
6.3;9.13;5.07;1512.06;-103.0;0.0839133412;;0.0839133412;;346.704864502
6.3;9.13;5.42;1516.73;-105.4;0.0839133412;;0.0839133412;;346.7887878418
6.3;9.13;5.69;1505.84;-97.5;0.0839133412;;0.0839133412;;346.8727111816
6.3;9.12;5.75;1512.06;-105.1;0.0839133412;;0.0839133412;;346.9566345215
6.3;9.12;5.96;1515.18;-105.4;0.0839133412;;0.0839133412;;347.0405578613
6.3;9.12;5.88;1518.29;-100.8;0.0839133412;;0.0839133412;;347.1244812012
6.33;9.12;5.72;1512.27;-102.5;0.0839133412;;0.0839133412;;347.208404541
6.38;9.12;5.69;1506.93;-98.5;0.0839133412;;0.0839133412;;347.2923278809
6.38;9.13;5.39;1510.03;-101.4;0.0839133412;;0.0839133412;;347.3762512207
6.35;9.13;5.5600000000000005;1519.14;-95.4;0.0839133412;;0.0839133412;;347.4601745605
6.4;9.13;5.68;1515.34;-92.1;0.0839133412;;0.0839133412;;347.5440979004
6.4;9.12;5.4;1509.14;-96.9;0.0839133412;;0.0839133412;;347.6280212402
6.4;9.12;5.84;1512.24;-96.6;0.0839133412;;0.0839133412;;347.7119445801
6.4;9.12;5.14;1521.54;-101.2;0.0839133412;;0.0839133412;;347.7958679199
6.4;9.12;4.87;1523.09;-105.0;0.0839133412;;0.0839133412;;347.8797912598
6.4;9.12;5.24;1527.75;-101.8;0.0839133412;;0.0839133412;;347.9637145996
6.4;9.12;5.46;1521.54;-94.8;0.0839133412;;0.0839133412;;348.0476379395
6.4;9.13;6.09;1515.34;-88.2;0.0839133412;;0.0839133412;;348.1315612793
6.4;9.12;6.23;1512.24;-86.3;0.0839133412;;0.0839133412;;348.2154846191
6.4;9.12;5.69;1516.89;-93.2;0.0839133412;;0.0839133412;;348.299407959
6.4;9.12;5.99;1516.89;-91.0;0.0839133412;;0.0839133412;;348.3833312988
6.4;9.12;5.73;1519.99;-89.3;0.0839133412;;0.0839133412;;348.4672546387
6.4;9.12;5.85;1519.99;-88.7;0.0839133412;;0.0839133412;;348.5511779785
6.4;9.12;6.12;1518.44;-92.6;0.0839133412;;0.0839133412;;348.6351013184
6.4;9.12;6.05;1532.4;-91.9;0.0839133412;;0.0839133412;;348.7190246582
6.4;9.12;5.98;1527.75;-94.6;0.0839133412;;0.0839133412;;348.802947998
6.4;9.12;6.2;1527.75;-91.8;0.0839133412;;0.0839133412;;348.8868713379
6.5;9.12;6.44;1523.24;-88.9;0.0665817857;;0.0821801856;;348.9534606934
6.48;9.12;6.34;1527.23;-89.6;0.0665817857;;0.0804470301;;349.0200500488
6.4;9.12;6.04;1529.3;-92.7;0.0839133412;;0.0804470301;;349.1039733887
6.4;9.12;6.11;1530.85;-89.4;0.0839133412;;0.0804470301;;349.1878967285
6.4;9.12;5.7;1533.95;-95.4;0.0839133412;;0.0804470301;;349.2718200684
6.4;9.12;6.4;1535.5;-94.3;0.0839133412;;0.0804470301;;349.3557434082
6.4;9.12;5.82;1533.95;-94.9;0.0839133412;;0.0804470301;;349.439666748
6.4;9.13;5.84;1537.05;-90.4;0.0839133412;;0.0804470301;;349.5235900879
6.4;9.13;6.11;1530.85;-88.0;0.0839133412;;0.0804470301;;349.6075134277
6.4;9.12;5.94;1540.16;-90.6;0.0839133412;;0.0804470301;;349.6914367676
6.4;9.12;5.9;1538.6;-89.7;0.0839133412;;0.0821801856;;349.7753601074
6.4;9.13;6.05;1533.95;-91.4;0.0839133412;;0.0839133412;;349.8592834473
6.33;9.12;5.62;1529.37;-95.1;0.0839133412;;0.0839133412;;349.9432067871
6.4;9.12;5.87;1530.85;-95.9;0.0839133412;;0.0839133412;;350.027130127
6.38;9.13;5.91;1530.21;-89.4;0.0839133412;;0.0839133412;;350.1110534668
6.3;9.13;5.95;1538.51;-88.9;0.0839133412;;0.0839133412;;350.1949768066
6.3;9.13;5.6;1540.07;-92.0;0.0839133412;;0.0839133412;;350.2789001465
6.35;9.13;5.8;1540.89;-89.5;0.0839133412;;0.0839133412;;350.3628234863
6.35;9.13;6.06;1540.89;-87.1;0.0839133412;;0.0839133412;;350.4467468262
6.33;9.13;6.09;1538.69;-87.1;0.0839133412;;0.0839133412;;350.530670166
6.33;9.13;6.24;1544.91;-82.7;0.0839133412;;0.0839133412;;350.6145935059
6.3;9.13;6.09;1533.84;-88.4;0.0839133412;;0.0839133412;;350.6985168457
6.3;9.13;6.57;1541.62;-84.3;0.0839133412;;0.0839133412;;350.7824401855
6.33;9.13;6.54;1537.14;-84.5;0.0839133412;;0.0839133412;;350.8663635254
6.3;9.13;6.54;1540.07;-83.5;0.0839133412;;0.0839133412;;350.9502868652
6.3;9.13;6.38;1546.29;-83.5;0.0839133412;;0.0839133412;;351.0342102051
6.3;9.13;6.46;1541.62;-83.5;0.0839133412;;0.0839133412;;351.1181335449
6.3;9.13;6.58;1544.73;-82.8;0.0839133412;;0.0839133412;;351.2020568848
6.3;9.13;6.69;1547.84;-82.9;0.0839133412;;0.0839133412;;351.2859802246
6.3;9.13;6.5;1540.07;-88.4;0.0839133412;;0.0839133412;;351.3699035645
6.3;9.13;6.5600000000000005;1546.29;-86.5;0.0839133412;;0.0839133412;;351.4538269043
6.38;9.12;6.72;1547.28;-87.8;0.0839133412;;0.0839133412;;351.5377502441
6.4;9.12;6.5;1547.91;-87.3;0.0839133412;;0.0839133412;;351.621673584
6.4;9.12;6.41;1549.46;-87.4;0.0839133412;;0.0839133412;;351.7055969238
6.4;9.13;6.44;1544.81;-84.7;0.0839133412;;0.0839133412;;351.7895202637
6.38;9.12;6.42;1550.38;-84.8;0.0839133412;;0.0839133412;;351.8734436035
6.4;9.13;6.34;1541.71;-84.4;0.0839133412;;0.0839133412;;351.9573669434
6.4;9.12;6.58;1543.26;-82.5;0.0839133412;;0.0839133412;;352.0412902832
6.6;9.11;6.47;1544.96;-83.7;0.0819343105;;0.0837154381;;352.1232299805
6.5;9.12;6.44;1547.98;-85.5;0.0665817857;;0.0819822825;;352.1898193359
6.48;9.12;6.51;1545.8;-85.2;0.0665817857;;0.080249127;;352.2564086914
6.4;9.12;6.59;1554.11;-84.5;0.0839133412;;0.080249127;;352.3403320312
6.4;9.12;6.3;1557.22;-84.9;0.0839133412;;0.080249127;;352.4242553711
6.4;9.13;6.42;1547.91;-83.4;0.0839133412;;0.080249127;;352.5081787109
6.4;9.13;6.42;1546.36;-80.4;0.0839133412;;0.080249127;;352.5921020508
6.38;9.13;6.88;1548.83;-82.0;0.0839133412;;0.080249127;;352.6760253906
6.3;9.13;6.64;1557.18;-83.5;0.0839133412;;0.080249127;;352.7599487305
6.3;9.13;6.54;1552.51;-83.3;0.0839133412;;0.080249127;;352.8438720703
6.3;9.13;6.75;1550.95;-81.5;0.0839133412;;0.0804470301;;352.9277954102
6.3;9.13;7.13;1558.73;-83.1;0.0839133412;;0.0821801856;;353.01171875
6.3;9.13;7.05;1554.07;-85.0;0.0839133412;;0.0839133412;;353.0956420898
6.3;9.13;7.17;1558.73;-83.9;0.0839133412;;0.0839133412;;353.1795654297
6.38;9.12;7.11;1562.8;-83.3;0.0839133412;;0.0839133412;;353.2634887695
6.35;9.12;6.97;1564.19;-82.3;0.0839133412;;0.0839133412;;353.3474121094
6.38;9.12;7.17;1561.24;-83.7;0.0839133412;;0.0839133412;;353.4313354492
6.4;9.12;7.19;1560.32;-83.4;0.0839133412;;0.0839133412;;353.5152587891
6.38;9.12;7.17;1556.59;-83.6;0.0839133412;;0.0839133412;;353.5991821289
6.4;9.12;7.25;1554.11;-84.1;0.0839133412;;0.0839133412;;353.6831054688
6.4;9.12;7.25;1552.56;-84.0;0.0839133412;;0.0839133412;;353.7670288086
6.38;9.12;7.29;1556.59;-84.0;0.0839133412;;0.0839133412;;353.8509521484
6.4;9.12;7.2;1558.77;-84.5;0.0839133412;;0.0839133412;;353.9348754883
6.4;9.12;7.16;1561.87;-84.2;0.0839133412;;0.0839133412;;354.0187988281
6.38;9.12;6.75;1562.8;-85.2;0.0839133412;;0.0839133412;;354.102722168
6.4;9.12;6.93;1569.62;-82.9;0.0839133412;;0.0839133412;;354.1866455078
6.35;9.12;6.87;1570.4;-86.1;0.0839133412;;0.0839133412;;354.2705688477
6.33;9.12;6.98;1562.01;-85.1;0.0839133412;;0.0839133412;;354.3544921875
6.33;9.12;6.99;1568.22;-87.6;0.0839133412;;0.0839133412;;354.4384155273
6.38;9.12;6.83;1558.14;-87.4;0.0839133412;;0.0839133412;;354.5223388672
6.35;9.12;6.88;1564.19;-87.0;0.0839133412;;0.0839133412;;354.606262207
6.3;9.12;6.93;1574.29;-88.0;0.0839133412;;0.0839133412;;354.6901855469
6.3;9.12;6.93;1563.4;-89.8;0.0839133412;;0.0839133412;;354.7741088867
6.33;9.12;7.06;1563.56;-88.0;0.0839133412;;0.0839133412;;354.8580322266
6.3;9.12;6.82;1568.07;-84.3;0.0839133412;;0.0839133412;;354.9419555664
