Ddate;Meas_Rate;Imbalance;Date;Time;Temperature;DO;Dissolved Oxygen %;Conductivity;pH;pH in milliVolts;ORP;Pressure;AUX1:Chlorophyll;AUX2:Chloride;Conductivity at 25;Conductivity at 20;Resistivity;Salinity;Seawater Specific Gravity;TDS;Turbidity;Nitrate
22/07/2022 14:19;0.062433527;NaN;22/07/2022;14:19:42;21.7;107.3000031;8.210000038;50053;8.170000076;NaN;47.29999924;13554.07;0;NaN;53420;48318;2.00E-05;35.25;24.39999962;34598;NaN;NaN
22/07/2022 20:34;0.045359737;NaN;22/07/2022;20:34:47;21.7;102.9000015;7.809999943;50565;8.170000076;NaN;191.8999939;34849.34;0;NaN;53967;48813;1.98E-05;35.65000153;25.10000038;35394;NaN;NaN
23/07/2022 02:50;0.048486173;NaN;23/07/2022;02:50:02;21.5;105;8.090000153;48847;8.159999847;NaN;134.6000061;9833.93;0;NaN;52346;47347;2.05E-05;34.45000076;23.89999962;33940;NaN;NaN
23/07/2022 09:05;0.050056361;NaN;23/07/2022;09:05:08;21.2;100.5999985;7.75;50562;8.149999619;NaN;217.3000031;29439.04;0;NaN;54519;49312;1.98E-05;36.06000137;25.20000076;35354;NaN;NaN
23/07/2022 15:20;0.086120686;NaN;23/07/2022;15:20:21;22.4;115.0999985;8.710000038;49280;8.18999958;NaN;198.5;13940.99;0;NaN;51855;46903;2.03E-05;34.09000015;23.60000038;33839;NaN;NaN
23/07/2022 21:35;0.051913203;NaN;23/07/2022;21:35:29;21.9;107.0999985;8.109999657;51215;8.18999958;NaN;243.6999969;33952.44;0;NaN;54438;49239;1.95E-05;36;24.89999962;35264;NaN;NaN
24/07/2022 03:50;0.062890339;NaN;24/07/2022;03:50:56;21.5;105.8000031;8.119999886;48963;8.170000076;NaN;136.1000061;9533.53;0;NaN;52471;47460;2.04E-05;34.54000092;24;34102;NaN;NaN
24/07/2022 10:06;0.046281984;NaN;24/07/2022;10:06:01;21.5;99;7.579999924;50666;8.180000305;NaN;249.3999939;30136.34;0;NaN;54296;49111;1.97E-05;35.90000153;25.20000076;35401;NaN;NaN
24/07/2022 16:21;0.073446128;NaN;24/07/2022;16:21:15;23.1;120;8.869999886;50464;8.220000267;NaN;197.3999939;12437.56;1.299999952;NaN;52364;47363;1.98E-05;34.45999908;23.5;33982;NaN;NaN
24/07/2022 22:36;0.047438775;NaN;24/07/2022;22:36:23;22;106.0999985;7.949999809;51443;8.199999809;NaN;252.8999939;36666.33;0;NaN;54570;49359;1.94E-05;36.09999847;25.10000038;35430;NaN;NaN
25/07/2022 04:51;0.115213079;NaN;25/07/2022;04:51:37;21.8;103.6999969;7.829999924;50106;8.180000305;NaN;36.79999924;8834.74;3.519999981;NaN;53368;48271;2.00E-05;35.20999908;24.39999962;34663;NaN;NaN
25/07/2022 11:06;0.057872891;NaN;25/07/2022;11:06:42;21.7;102.3000031;7.75;49928;8.199999809;NaN;211.5;35037.18;0;NaN;53287;48198;2.00E-05;35.15000153;24.70000076;34898;NaN;NaN
25/07/2022 17:21;0.109738861;NaN;25/07/2022;17:21:49;21.8;106.0999985;8.029999733;50603;8.18999958;NaN;104.9000015;10745.36;0;NaN;53897;48750;1.98E-05;35.59999847;24.60000038;34825;NaN;NaN
25/07/2022 23:36;0.070564929;NaN;25/07/2022;23:36:55;21.7;97.69999695;7.400000095;50823;8.25;NaN;250.1999969;38269.94;0;NaN;54242;49062;1.97E-05;35.86000061;24.79999924;35096;NaN;NaN
26/07/2022 05:52;0.112696727;NaN;26/07/2022;05:52:10;21;82;6.289999962;49353;8.149999619;NaN;43.79999924;7431.09;0;NaN;53435;48332;2.03E-05;35.25999832;24.79999924;34945;NaN;NaN
26/07/2022 12:07;0.060829586;NaN;26/07/2022;12:07:17;21.3;90.19999695;6.949999809;50658;8.170000076;NaN;241;36169.86;0;NaN;54510;49304;1.97E-05;36.06000137;25.10000038;35263;NaN;NaN
26/07/2022 18:22;0.107639091;NaN;26/07/2022;18:22:33;21.5;100.9000015;7.71999979;49694;8.180000305;NaN;110.0999985;11043.59;2.25999999;NaN;53254;48168;2.01E-05;35.11999893;24.70000076;34911;NaN;NaN
27/07/2022 00:38;0.057130408;NaN;27/07/2022;00:38:14;21.4;94.19999695;7.21999979;50896;8.149999619;NaN;262.2000122;38583.3;0;NaN;54654;49435;1.96E-05;36.16999817;25.29999924;35504;NaN;NaN
27/07/2022 06:53;0.093347258;NaN;27/07/2022;06:53:31;21;90.5;6.980000019;50050;8.109999657;NaN;142.5;5726.33;0;NaN;54190;49015;2.00E-05;35.81999969;25.5;35614;NaN;NaN
27/07/2022 13:08;0.096078497;NaN;27/07/2022;13:08:38;21.2;98.40000153;7.570000172;50705;8.170000076;NaN;283.8999939;34465.84;0;NaN;54673;49452;1.97E-05;36.18000031;25.39999962;35623;NaN;NaN
27/07/2022 19:23;0.118235598;NaN;27/07/2022;19:23:53;21.4;96.09999847;7.349999905;50457;8.119999886;NaN;255.8000031;11752.7;0;NaN;54183;49009;1.98E-05;35.81000137;25.29999924;35504;NaN;NaN
28/07/2022 01:39;0.074397115;NaN;28/07/2022;01:39:07;21.2;99;7.579999924;50938;8.159999847;NaN;290.3999939;35877.67;0;NaN;54924;49679;1.96E-05;36.36999893;25.39999962;35663;NaN;NaN
28/07/2022 07:54;0.156487905;NaN;28/07/2022;07:54:22;20.9;94.5;7.289999962;49889;8.100000381;NaN;98.40000153;6329.04;0;NaN;54128;48959;2.00E-05;35.77000046;25.29999924;35342;NaN;NaN
28/07/2022 14:09;0.097411001;NaN;28/07/2022;14:09:39;21.2;101.5999985;7.809999943;50685;8.180000305;NaN;239.1000061;31149.42;0.540000021;NaN;54652;49433;1.97E-05;36.15999985;25.39999962;35567;NaN;NaN
28/07/2022 20:24;0.142773057;NaN;28/07/2022;20:24:54;21.3;102.9000015;7.880000114;50245;8.180000305;NaN;178.6000061;13459.92;0;NaN;54066;48903;1.99E-05;35.72999954;25.20000076;35385;NaN;NaN
29/07/2022 02:40;0.083333926;NaN;29/07/2022;02:40:09;21.1;98.40000153;7.550000191;50983;8.159999847;NaN;237.8000031;33067.57;0;NaN;55086;49825;1.96E-05;36.49000168;25.60000038;35849;NaN;NaN
29/07/2022 08:55;0.156632614;NaN;29/07/2022;08:55:21;20.8;94;7.380000114;50054;8.140000343;NaN;121.6999969;8942.72;0;NaN;54420;49223;2.00E-05;35.99000168;24.70000076;34529;NaN;NaN
29/07/2022 15:10;0.121387661;NaN;29/07/2022;15:10:36;21;93.90000153;7.230000019;50827;8.159999847;NaN;229.5;27137.44;0;NaN;55031;49776;1.97E-05;36.45000076;25.70000076;35915;NaN;NaN
29/07/2022 21:25;0.154532947;NaN;29/07/2022;21:25:50;21.6;98.5;7.46999979;51042;8.159999847;NaN;241.6999969;17280.52;0;NaN;54587;49374;1.96E-05;36.11999893;24.89999962;35221;NaN;NaN
30/07/2022 03:41;0.113369587;NaN;30/07/2022;03:41:06;21.3;88.90000153;6.809999943;51273;8.170000076;NaN;228.5;28242.87;0;NaN;55172;49903;1.95E-05;36.54999924;25.79999924;36017;NaN;NaN
30/07/2022 09:56;0.228217214;NaN;30/07/2022;09:56:20;21.2;87.30000305;6.75;50005;8.159999847;NaN;128.8999939;10847.7;0;NaN;53918;48769;2.00E-05;35.61999893;24.5;34585;NaN;NaN
30/07/2022 16:11;0.158201487;NaN;30/07/2022;16:11:40;21.8;97;7.389999866;50784;8.18999958;NaN;168.6999969;21091.21;0;NaN;54090;48924;1.97E-05;35.74000168;25.10000038;35361;NaN;NaN
30/07/2022 22:26;0.225119187;NaN;30/07/2022;22:26:48;21.8;93.90000153;7.119999886;51291;8.180000305;NaN;184.8000031;21499.5;0;NaN;54630;49413;1.95E-05;36.15000153;25;35300;NaN;NaN
31/07/2022 04:42;0.150674512;NaN;31/07/2022;04:42:07;21.3;93.69999695;7.170000076;50553;8.159999847;NaN;201.1000061;23709.76;0;NaN;54397;49202;1.98E-05;35.97000122;25.5;35776;NaN;NaN
31/07/2022 10:57;0.182555278;NaN;31/07/2022;10:57:10;21.1;95.09999847;7.349999905;48578;8.180000305;NaN;210;17563.91;0;NaN;52488;47475;2.06E-05;34.56000137;24.5;34461;NaN;NaN
31/07/2022 17:12;0.170219239;NaN;31/07/2022;17:12:17;21.4;92.30000305;7.039999962;50610;8.159999847;NaN;218.6000061;16575.93;0;NaN;54347;49157;1.98E-05;35.93999863;25.10000038;35324;NaN;NaN
31/07/2022 23:27;0.16218563;NaN;31/07/2022;23:27:41;21.3;90.69999695;6.949999809;50830;8.199999809;NaN;242.8999939;28135.04;0;NaN;54695;49472;1.97E-05;36.20000076;25.10000038;35265;NaN;NaN
01/08/2022 05:42;0.112556556;NaN;01/08/2022;05:42:59;21;80.80000305;6.210000038;51005;8.140000343;NaN;243;18495.59;0;NaN;55224;49950;1.96E-05;36.59000015;25.70000076;35924;NaN;NaN
01/08/2022 11:58;0.17139457;NaN;01/08/2022;11:58:09;21.1;86.69999695;6.679999828;50727;8.159999847;NaN;254.6999969;21907.62;0;NaN;54810;49576;1.97E-05;36.27999878;25.5;35656;NaN;NaN
01/08/2022 18:13;0.138274811;NaN;01/08/2022;18:13:23;21.4;86.19999695;6.579999924;51666;8.149999619;NaN;225;11258.57;0;NaN;55481;50183;1.94E-05;36.77999878;25.60000038;35840;NaN;NaN
02/08/2022 00:28;0.15561688;NaN;02/08/2022;00:28:32;21.4;88.40000153;6.75;51154;8.170000076;NaN;265;32961.47;0;NaN;54931;49685;1.95E-05;36.36999893;25.5;35783;NaN;NaN
02/08/2022 06:43;0.155390703;NaN;02/08/2022;06:43:47;21.1;84.40000153;6.46999979;50802;8.119999886;NaN;240.5;12361.27;0;NaN;54891;49649;1.97E-05;36.34000015;25.39999962;35523;NaN;NaN
02/08/2022 12:58;0.176400869;NaN;02/08/2022;12:58:53;21.1;92.90000153;7.150000095;50631;8.159999847;NaN;268.1000061;27332.65;0;NaN;54706;49482;1.98E-05;36.20000076;24.89999962;35027;NaN;NaN
02/08/2022 19:14;0.191369188;NaN;02/08/2022;19:14:07;21.2;100.1999969;7.699999809;49545;8.220000267;NaN;217.1999969;6426.5;0;NaN;53422;48320;2.02E-05;35.25;24.60000038;34637;NaN;NaN
03/08/2022 01:29;0.172835069;NaN;03/08/2022;01:29:22;20.9;90.69999695;6.980000019;50606;8.199999809;NaN;272.2000122;37890.1;0;NaN;54906;49662;1.98E-05;36.34999847;25.20000076;35270;NaN;NaN
03/08/2022 07:44;0.135742985;NaN;03/08/2022;07:44:27;20.7;82.90000153;6.400000095;49963;8.109999657;NaN;253.8999939;9746.89;0;NaN;54434;49236;2.00E-05;36;25.39999962;35519;NaN;NaN
03/08/2022 13:59;0.156515614;NaN;03/08/2022;13:59:32;20.8;85.19999695;6.559999943;50556;8.159999847;NaN;281.6000061;33369.54;0;NaN;54965;49716;1.98E-05;36.40000153;25.60000038;35695;NaN;NaN
03/08/2022 20:14;0.126207678;NaN;03/08/2022;20:14:46;21.3;94.40000153;7.179999828;50001;8.130000114;NaN;216.1999969;5222.48;0;NaN;53803;48665;2.00E-05;35.52999878;24.89999962;35020;NaN;NaN
04/08/2022 02:30;0.156807164;NaN;04/08/2022;02:30:02;20.9;75.90000153;5.829999924;50968;8.140000343;NaN;284.3999939;42321.73;0;NaN;55298;50017;1.96E-05;36.65000153;25.70000076;35793;NaN;NaN
04/08/2022 08:45;0.121469972;NaN;04/08/2022;08:45:14;20.8;75.90000153;5.860000134;50601;8.090000153;NaN;257.7000122;5126.16;0;NaN;55014;49760;1.98E-05;36.43000031;25.79999924;35885;NaN;NaN
04/08/2022 15:00;0.159515732;NaN;04/08/2022;15:00:27;21.2;82.80000305;6.329999924;51124;8.159999847;NaN;288;45832.05;0;NaN;55125;49861;1.96E-05;36.52000046;25.60000038;35816;NaN;NaN
04/08/2022 21:15;0.146867805;NaN;04/08/2022;21:15:32;21.3;83.19999695;6.340000153;51199;8.119999886;NaN;271.8999939;3517.64;0;NaN;55092;49831;1.95E-05;36.49000168;25.70000076;35900;NaN;NaN
05/08/2022 03:30;0.142696887;NaN;05/08/2022;03:30:45;21.2;71.30000305;5.449999809;51486;8.180000305;NaN;284.3999939;40614.35;0;NaN;55515;50213;1.94E-05;36.81000137;25.70000076;35937;NaN;NaN
05/08/2022 09:45;0.111582628;NaN;05/08/2022;09:45:58;20.9;87.90000153;6.840000153;50830;8.170000076;NaN;255.8999939;5126.4;0;NaN;55149;49882;1.97E-05;36.52999878;25.89999962;35992;NaN;NaN
05/08/2022 16:01;0.150555763;NaN;05/08/2022;16:01:22;21.1;84.19999695;6.510000229;51309;8.18999958;NaN;287.7999878;43126.85;0;NaN;55439;50145;1.95E-05;36.75;25.89999962;36062;NaN;NaN
05/08/2022 22:16;0.146341688;NaN;05/08/2022;22:16:36;21;81.5;6.289999962;50956;8.159999847;NaN;276.7000122;5327.38;0;NaN;55171;49902;1.96E-05;36.54999924;25.79999924;36005;NaN;NaN
06/08/2022 04:31;0.13475906;NaN;06/08/2022;04:31:55;20.8;85.40000153;6.630000114;51443;8.210000038;NaN;288.2999878;38214.51;0;NaN;55930;50589;1.94E-05;37.11999893;26.10000038;36244;NaN;NaN
06/08/2022 10:47;0.119350387;NaN;06/08/2022;10:47:09;21;89.59999847;7.019999981;51608;8.170000076;NaN;280.2999878;5329.48;0;NaN;55877;50541;1.94E-05;37.08000183;26;36176;NaN;NaN
06/08/2022 17:02;0.135454416;NaN;06/08/2022;17:02:26;21.2;91.40000153;7.070000172;51589;8.180000305;NaN;287.2999878;40918.38;0;NaN;55626;50314;1.94E-05;36.88999939;26;36234;NaN;NaN
06/08/2022 23:17;;NaN;06/08/2022;23:17:46;21.1;86;6.639999866;50995;8.140000343;NaN;280.7999878;5829.59;0;NaN;55099;49837;1.96E-05;36.5;25.70000076;35917;NaN;NaN
07/08/2022 05:32;0.100978079;NaN;07/08/2022;05:32:58;21.1;88.30000305;6.820000172;51573;8.220000267;NaN;288.5;36095.47;0;NaN;55724;50402;1.94E-05;36.95999908;25.79999924;36065;NaN;NaN
07/08/2022 11:48;0.111428006;NaN;07/08/2022;11:48:03;21.4;98.90000153;7.659999847;52319;8.229999542;NaN;287.2999878;8346.69;0;NaN;56182;50817;1.91E-05;37.31000137;26.10000038;36374;NaN;NaN
07/08/2022 18:03;0.112847139;NaN;07/08/2022;18:03:23;21.6;99.40000153;7.579999924;52537;8.229999542;NaN;288;40625.05;0;NaN;56186;50820;1.90E-05;37.31000137;25.89999962;36268;NaN;NaN
08/08/2022 00:18;0.127428008;NaN;08/08/2022;00:18:29;21.6;87.90000153;6.710000038;52038;8.130000114;NaN;289.7000122;7539.54;0;NaN;55652;50337;1.92E-05;36.90999985;26.10000038;36515;NaN;NaN
08/08/2022 06:33;0.11476155;NaN;08/08/2022;06:33:42;21.5;96.19999695;7.389999866;52335;8.210000038;NaN;288;33886.63;0;NaN;56084;50728;1.91E-05;37.22999954;26.20000076;36621;NaN;NaN
08/08/2022 12:48;0.147287485;NaN;08/08/2022;12:48:50;21.8;110;8.409999847;52499;8.25;NaN;285.3999939;10455.81;0;NaN;55917;50577;1.90E-05;37.11000061;26.29999924;36711;NaN;NaN
08/08/2022 19:04;0.129503709;NaN;08/08/2022;19:04:06;21.9;109.3000031;8.31000042;52802;8.270000458;NaN;284;39715.3;0;NaN;56125;50765;1.89E-05;37.25999832;25.89999962;36338;NaN;NaN
09/08/2022 01:19;0.132072358;NaN;09/08/2022;01:19:20;21.7;104.5;7.989999771;52209;8.220000267;NaN;283.7999878;7640.14;0;NaN;55721;50400;1.92E-05;36.95999908;26;36499;NaN;NaN
09/08/2022 07:34;0.152285721;NaN;09/08/2022;07:34:33;21.8;102.8000031;7.880000114;52858;8.239999771;NaN;286.1000061;32882.55;0;NaN;56299;50922;1.89E-05;37.40000153;26;36405;NaN;NaN
09/08/2022 13:49;;NaN;09/08/2022;13:49:51;21.8;110.0999985;8.420000076;52810;8.270000458;NaN;285;11463.3;0;NaN;56248;50876;1.89E-05;37.36000061;26.10000038;36483;NaN;NaN
09/08/2022 20:05;0.166990809;NaN;09/08/2022;20:05:06;22.2;113.4000015;8.510000229;53437;8.300000191;NaN;284.1000061;40825.48;0;NaN;56456;51064;1.87E-05;37.50999832;26;36628;NaN;NaN
10/08/2022 02:20;0.187854476;NaN;10/08/2022;02:20:23;21.8;105.0999985;7.96999979;53137;8.229999542;NaN;281.6000061;6235.63;0;NaN;56596;51191;1.88E-05;37.61999893;26.29999924;36783;NaN;NaN
10/08/2022 08:35;0.224191288;NaN;10/08/2022;08:35:35;21.8;100.3000031;7.650000095;52820;8.239999771;NaN;283.6000061;33082.93;0;NaN;56259;50886;1.89E-05;37.36999893;26;36503;NaN;NaN
10/08/2022 14:50;0.146959475;NaN;10/08/2022;14:50:50;22;105.9000015;8.020000458;53492;8.270000458;NaN;282.7000122;12270.44;0;NaN;56743;51324;1.87E-05;37.72999954;26.10000038;36672;NaN;NaN
10/08/2022 21:06;0.189456437;NaN;10/08/2022;21:06:04;22.3;109.5;8.149999619;53506;8.270000458;NaN;285.2000122;42633.35;0;NaN;56415;51027;1.87E-05;37.47999954;26.20000076;36841;NaN;NaN
11/08/2022 03:21;0.26578257;NaN;11/08/2022;03:21:20;22;93.30000305;7.010000229;53397;8.159999847;NaN;206.6999969;4827.43;0;NaN;56643;51234;1.87E-05;37.65000153;26.20000076;36827;NaN;NaN
11/08/2022 09:36;0.19962929;NaN;11/08/2022;09:36:33;22;98.69999695;7.480000019;52938;8.25;NaN;282.6000061;35793.85;0;NaN;56156;50793;1.89E-05;37.29000092;26;36496;NaN;NaN
11/08/2022 15:51;0.25164514;NaN;11/08/2022;15:51:48;22.2;112.1999969;8.380000114;53269;8.25;NaN;281.7999878;10758.39;0;NaN;56279;50904;1.88E-05;37.38000107;26;36595;NaN;NaN
11/08/2022 22:06;0.222600017;NaN;11/08/2022;22:06:57;22.4;110.9000015;8.25;53880;8.279999733;NaN;282.5;47767.53;0;NaN;56696;51282;1.86E-05;37.68999863;26;36704;NaN;NaN
12/08/2022 04:22;0.244975357;NaN;12/08/2022;04:22:15;22;102.3000031;7.670000076;52733;8.199999809;NaN;271.6000061;201.06;0;NaN;55938;50596;1.90E-05;37.11999893;26.29999924;36813;NaN;NaN
12/08/2022 10:37;0.205968503;NaN;12/08/2022;10:37:30;21.9;105.6999969;8.010000229;52771;8.260000229;NaN;285.2999878;42529.92;0;NaN;56092;50735;1.89E-05;37.24000168;25.29999924;35740;NaN;NaN
12/08/2022 16:52;0.255664278;NaN;12/08/2022;16:52:45;22.3;117.3000031;8.720000267;53445;8.279999733;NaN;282.2000122;5932.25;0;NaN;56351;50969;1.87E-05;37.43000031;26.20000076;36843;NaN;NaN
12/08/2022 23:07;0.209351976;NaN;12/08/2022;23:07:52;22.5;114.0999985;8.43999958;53835;8.329999924;NaN;282.5;50979.59;0;NaN;56535;51136;1.86E-05;37.56999969;26.20000076;36880;NaN;NaN
13/08/2022 05:23;0.227493412;NaN;13/08/2022;05:23:05;21.3;107;9.460000038;127;8.18999958;NaN;317.2999878;293.41;225.3999939;NaN;137;124;0.007874016;0.07;-1.899999976;92;NaN;NaN
13/08/2022 11:38;0.21275434;NaN;13/08/2022;11:38:20;22.1;104.6999969;7.840000153;53219;8.270000458;NaN;284.5;46555.67;0;NaN;56340;50960;1.88E-05;37.43000031;26.10000038;36693;NaN;NaN
13/08/2022 17:53;0.299973136;NaN;13/08/2022;17:53:38;22.4;116.5;8.630000114;52698;8.279999733;NaN;276.2999878;2914.32;0;NaN;55452;50156;1.90E-05;36.75999832;26;36688;NaN;NaN
14/08/2022 00:08;0.201146559;NaN;14/08/2022;00:08:45;22.5;116.5999985;8.609999657;54020;8.350000381;NaN;281.8999939;53298.2;0;NaN;56729;51311;1.85E-05;37.72000122;26.20000076;36908;NaN;NaN
14/08/2022 06:23;0.321468316;NaN;14/08/2022;06:23:57;20.7;106.6999969;9.539999962;77;8.220000267;NaN;332.7000122;0;115;NaN;84;76;0.012987013;0.039999999;-1.799999952;55;NaN;NaN
14/08/2022 12:39;0.204882718;NaN;14/08/2022;12:39:01;22.1;105.5999985;7.800000191;53637;8.319999695;NaN;281.2000122;50690.73;0;NaN;56782;51359;1.86E-05;37.75999832;26.29999924;36941;NaN;NaN
14/08/2022 18:54;0.300931348;NaN;14/08/2022;18:54:15;22.4;122.1999969;8.960000038;53031;8.329999924;NaN;279.6000061;703.59;0;NaN;55802;50473;1.89E-05;37.02000046;25.60000038;36137;NaN;NaN
15/08/2022 01:09;0.194469408;NaN;15/08/2022;01:09:43;22.4;115.0999985;8.460000038;53586;8.390000343;NaN;276.6000061;53892.69;0;NaN;56386;51001;1.87E-05;37.45999908;26.20000076;36821;NaN;NaN
15/08/2022 07:24;0.350891877;NaN;15/08/2022;07:24:56;20.6;106.9000015;9.5;85;8.220000267;NaN;337.2999878;97.82;654.0999756;NaN;93;84;0.011764706;0.050000001;-1.799999952;59;NaN;NaN
15/08/2022 13:40;0.20035869;NaN;15/08/2022;13:40:10;22.2;113.6999969;8.359999657;53383;8.380000114;NaN;277.6000061;53292.77;0;NaN;56399;51013;1.87E-05;37.47000122;26.29999924;36948;NaN;NaN
15/08/2022 19:55;0.236646482;NaN;15/08/2022;19:55:24;22.2;123.5999985;10.64999962;143;8.380000114;NaN;244.8999939;391.13;10.14999962;NaN;151;137;0.006993007;0.07;-2.099999905;94;NaN;NaN
16/08/2022 02:11;0.199002563;NaN;16/08/2022;02:11:43;22.1;104.5999985;7.75;53484;8.369999886;NaN;280;52395.86;0;NaN;56620;51213;1.87E-05;37.63999939;26.10000038;36626;NaN;NaN
16/08/2022 08:26;0.346803758;NaN;16/08/2022;08:26:54;20.4;106.6999969;9.56000042;64;8.239999771;NaN;284.5;195.64;409.6000061;NaN;70;63;0.015625;0.039999999;-1.700000048;47;NaN;NaN
16/08/2022 14:42;0.194696187;NaN;16/08/2022;14:42:07;21.9;99.90000153;7.460000038;52704;8.340000153;NaN;282;52582.33;0;NaN;56021;50671;1.90E-05;37.18999863;26.10000038;36564;NaN;NaN
16/08/2022 20:57;0.3972836;NaN;16/08/2022;20:57:23;21.7;90;7.860000134;116;8.18999958;NaN;261.6000061;391.17;0;NaN;124;112;0.00862069;0.059999999;-2;81;NaN;NaN
17/08/2022 03:12;0.192866257;NaN;17/08/2022;03:12:37;22;101.5;7.579999924;52833;8.359999657;NaN;283.7000122;50168.36;0;NaN;56044;50692;1.89E-05;37.20000076;26;36442;NaN;NaN
17/08/2022 09:27;0.389014504;NaN;17/08/2022;09:27:51;20.2;106.9000015;9.630000114;75;8.180000305;NaN;333.1000061;293.47;81.62999725;NaN;83;75;0.013333333;0.039999999;-1.700000048;55;NaN;NaN
17/08/2022 15:42;0.194962339;NaN;17/08/2022;15:42:58;21.8;100.5;7.53000021;52266;8.350000381;NaN;286.3999939;49959.64;0;NaN;55668;50352;1.91E-05;36.91999817;25.89999962;36347;NaN;NaN
17/08/2022 21:58;0.380097579;NaN;17/08/2022;21:58:11;21.5;89.80000305;6.849999905;51647;8.199999809;NaN;215.3999939;904.61;0;NaN;55347;50061;1.94E-05;36.68000031;24.29999924;34427;NaN;NaN
18/08/2022 04:13;0.18942055;NaN;18/08/2022;04:13:19;21.5;99.69999695;7.550000191;51919;8.350000381;NaN;288.6000061;44333.35;0;NaN;55638;50325;1.93E-05;36.90000153;26;36356;NaN;NaN
18/08/2022 10:28;0.40500725;NaN;18/08/2022;10:28:23;22;99.09999847;7.489999771;51817;8.270000458;NaN;279.2999878;602.87;0;NaN;54967;49718;1.93E-05;36.40000153;25.5;35965;NaN;NaN
18/08/2022 16:43;0.191338982;NaN;18/08/2022;16:43:37;21.8;108.6999969;8.170000076;52133;8.380000114;NaN;289;46337.39;0;NaN;55527;50224;1.92E-05;36.81999969;25.79999924;36222;NaN;NaN
18/08/2022 22:58;0.233345209;NaN;18/08/2022;22:58:52;22.2;108.5999985;8.170000076;50504;8.350000381;NaN;285.2999878;3814.56;0;NaN;53358;48262;1.98E-05;35.20000076;24;34266;NaN;NaN
19/08/2022 05:14;0.130371374;NaN;19/08/2022;05:14:07;21.6;101.5999985;7.670000076;52378;8.369999886;NaN;289.3999939;41023.31;1.129999995;NaN;56016;50666;1.91E-05;37.18000031;25.70000076;36117;NaN;NaN
19/08/2022 11:29;0.191632903;NaN;19/08/2022;11:29:13;21.8;107.6999969;8.239999771;48205;8.359999657;NaN;289.2000122;5716.13;0;NaN;51343;46440;2.07E-05;33.70999908;23.79999924;33844;NaN;NaN
19/08/2022 17:44;0.118851107;NaN;19/08/2022;17:44:30;21.7;102.4000015;7.78000021;51957;8.369999886;NaN;291.1000061;42416.58;0;NaN;55452;50156;1.92E-05;36.75999832;25;35303;NaN;NaN
19/08/2022 23:59;0.162279518;NaN;19/08/2022;23:59:47;21.6;98.5;7.510000229;49638;8.31000042;NaN;290.7000122;7528.84;0;NaN;53085;48015;2.01E-05;35;24.29999924;34462;NaN;NaN
20/08/2022 06:15;0.137261866;NaN;20/08/2022;06:15:00;21.2;94.80000305;7.28000021;51428;8.31000042;NaN;293.1000061;36491.24;0;NaN;55453;50157;1.94E-05;36.75999832;25.89999962;36180;NaN;NaN
20/08/2022 12:30;0.142156577;NaN;20/08/2022;12:30:08;21.7;105.5;8.06000042;49283;8.319999695;NaN;290.7000122;10035.5;0;NaN;52598;47575;2.03E-05;34.63999939;24.89999962;35079;NaN;NaN
20/08/2022 18:45;0.130392037;NaN;20/08/2022;18:45:22;21.4;91.19999695;6.940000057;51114;8.270000458;NaN;294;36176.41;0;NaN;54888;49646;1.96E-05;36.34000015;25.39999962;35693;NaN;NaN
21/08/2022 01:00;0.112095199;NaN;21/08/2022;01:00:39;21.3;33.09999847;2.559999943;48462;8.069999695;NaN;289.6000061;11037.45;0;NaN;52147;47167;2.06E-05;34.29999924;23.79999924;33754;NaN;NaN
21/08/2022 07:15;0.119496565;NaN;21/08/2022;07:15:51;21.2;87.30000305;6.679999828;51681;8.31000042;NaN;297;34787.71;0;NaN;55726;50404;1.93E-05;36.97000122;26;36245;NaN;NaN
21/08/2022 13:30;0.117732561;NaN;21/08/2022;13:30:58;21.2;55.29999924;4.239999771;50375;8.170000076;NaN;296;14064.86;0;NaN;54317;49130;1.99E-05;35.90999985;25.29999924;35490;NaN;NaN
21/08/2022 19:46;0.103410959;NaN;21/08/2022;19:46:12;21.2;66.19999695;5.059999943;51005;8.229999542;NaN;297.7000122;35276;0;NaN;54997;49745;1.96E-05;36.41999817;25.70000076;35866;NaN;NaN
22/08/2022 02:01;0.117329284;NaN;22/08/2022;02:01:27;20.2;44.29999924;3.410000086;48910;8.220000267;NaN;296.2999878;11553.32;0;NaN;53847;48705;2.04E-05;35.56000137;25.20000076;35329;NaN;NaN
22/08/2022 08:16;0.107293383;NaN;22/08/2022;08:16:40;20.9;69.19999695;5.320000172;51390;8.25;NaN;300.5;34087.16;0;NaN;55756;50431;1.95E-05;36.99000168;25.89999962;36135;NaN;NaN
22/08/2022 14:31;0.136777959;NaN;22/08/2022;14:31:55;21.4;47.20000076;3.589999914;51496;8.130000114;NaN;296;11961.07;0;NaN;55298;50017;1.94E-05;36.65000153;25.5;35757;NaN;NaN
22/08/2022 20:47;0.105587821;NaN;22/08/2022;20:47:10;21.2;71.80000305;5.46999979;51283;8.270000458;NaN;300.2000122;35080.73;0;NaN;55296;50015;1.95E-05;36.63999939;25.79999924;36054;NaN;NaN
23/08/2022 03:02;0.108990362;NaN;23/08/2022;03:02:30;21.1;73.80000305;5.650000095;50218;8.220000267;NaN;293.7999878;8941.21;0;NaN;54260;49078;1.99E-05;35.86999893;25.20000076;35345;NaN;NaN
23/08/2022 09:17;0.133535473;NaN;23/08/2022;09:17:35;21.2;81.80000305;6.269999981;51150;8.270000458;NaN;298.8999939;36987.82;0;NaN;55153;49886;1.96E-05;36.54000092;25.60000038;35796;NaN;NaN
23/08/2022 15:32;0.108070787;NaN;23/08/2022;15:32:50;21.4;93;7.119999886;49639;8.270000458;NaN;294.3999939;8433.76;0;NaN;53304;48213;2.01E-05;35.15999985;24.79999924;34897;NaN;NaN
23/08/2022 21:47;0.126744553;NaN;23/08/2022;21:47:56;21.2;86.69999695;6.639999866;51100;8.319999695;NaN;297.2999878;38594.84;0;NaN;55099;49837;1.96E-05;36.5;25.60000038;35788;NaN;NaN
24/08/2022 04:03;0.100205588;NaN;24/08/2022;04:03:05;21.2;82.19999695;6.309999943;50329;8.239999771;NaN;293.7999878;6329.05;0;NaN;54268;49085;1.99E-05;35.88000107;25.10000038;35288;NaN;NaN
24/08/2022 10:18;0.129189317;NaN;24/08/2022;10:18:14;21.1;78.09999847;6.010000229;51373;8.300000191;NaN;295.7000122;40615.14;0;NaN;55508;50207;1.95E-05;36.79999924;25.89999962;36150;NaN;NaN
24/08/2022 16:33;0.103904639;NaN;24/08/2022;16:33:28;21.8;97.69999695;7.389999866;52327;8.319999695;NaN;287.6000061;4523.68;0;NaN;55733;50411;1.91E-05;36.97000122;25.60000038;35966;NaN;NaN
24/08/2022 22:48;0.117566194;NaN;24/08/2022;22:48:36;21.7;94.19999695;7.130000114;51932;8.31000042;NaN;295.1000061;41410.83;0;NaN;55425;50132;1.93E-05;36.74000168;25.70000076;36085;NaN;NaN
25/08/2022 05:03;0.077125593;NaN;25/08/2022;05:03:52;21.3;87;6.71999979;47738;8.229999542;NaN;295;5014.9;0;NaN;51368;46462;2.09E-05;33.72999954;23.60000038;33482;NaN;NaN
25/08/2022 11:18;0.148690298;NaN;25/08/2022;11:18:58;21.6;86.09999847;6.539999962;51413;8.289999962;NaN;295.7000122;43411.6;0;NaN;54984;49733;1.95E-05;36.40999985;25.70000076;36024;NaN;NaN
25/08/2022 17:34;0.152775038;NaN;25/08/2022;17:34:05;22;95.09999847;7.240000725;46623;8.319999695;NaN;301.6999969;3105.4;12.43000031;NaN;49457;48149;2.14E-05;32.31999969;22.20000076;32113;NaN;NaN
25/08/2022 23:49;0.138265237;NaN;25/08/2022;23:49:19;21.7;98.30000305;7.530000687;47387;8.399999619;NaN;313.8999939;44307.5;17.54000092;NaN;50575;49160;2.11E-05;33.13999939;22.79999924;32772;NaN;NaN
26/08/2022 06:04;0.137018141;NaN;26/08/2022;06:04:36;20.9;85.90000153;6.81000042;44245;8.289999008;NaN;287.1999969;3704.6;18.40999985;NaN;48004;46835;2.26E-05;31.26000023;21.70000076;31240;NaN;NaN
26/08/2022 12:19;0.125875362;NaN;26/08/2022;12:19:43;21.4;88.80000305;6.890000343;46820;8.339999199;NaN;303.3999939;43802.96;12.06000042;NaN;50277;48891;2.14E-05;32.93000031;22.89999962;32705;NaN;NaN
26/08/2022 18:35;0.151821505;NaN;26/08/2022;18:35:03;21.9;103;7.909999847;44236;8.379999161;NaN;277.5;2200.99;25.76000023;NaN;47020;45945;2.26E-05;30.54999924;21.20000076;30926;NaN;NaN
27/08/2022 00:50;0.122710245;NaN;27/08/2022;00:50:20;21.7;97;7.430000305;47571;8.38999939;NaN;307.0999908;44613.2;22.14999962;NaN;50771;49337;2.10E-05;33.29000092;23;32959;NaN;NaN
27/08/2022 07:05;0.136853275;NaN;27/08/2022;07:05:32;20.5;81.30000305;6.630000114;39236;8.239999771;NaN;258.1999969;4194.17;13.34000015;NaN;42925;42241;2.55E-05;27.59000015;18.89999962;27723;NaN;NaN
27/08/2022 13:20;0.11938358;NaN;27/08/2022;13:20:49;21.4;83.80000305;6.480000496;47466;8.349999428;NaN;299;44421.21;9.760000229;NaN;50971;49518;2.11E-05;33.43999863;23.20000076;33076;NaN;NaN
27/08/2022 19:36;0.146260491;NaN;27/08/2022;19:36:05;21.6;97.09999847;7.480000496;43622;8.32999897;NaN;285.8999939;2300.76;15.22000027;NaN;46652;45612;2.29E-05;30.28000069;21.20000076;30952;NaN;NaN
28/08/2022 01:51;0.115206125;NaN;28/08/2022;01:51:20;21.7;91.59999847;7.039999962;47465;8.32999897;NaN;294.5999908;45512.79;18.02000046;NaN;50658;49235;2.11E-05;33.20999908;22.89999962;32839;NaN;NaN
28/08/2022 08:06;0.152270591;NaN;28/08/2022;08:06:33;21.1;77.70000458;6.290000439;44630;8.229999542;NaN;249.1999969;4706.16;5.429999828;NaN;48222;47032;2.24E-05;31.42000008;20.20000076;29245;NaN;NaN
28/08/2022 14:21;0.115847501;NaN;28/08/2022;14:21:48;21.4;84.90000153;6.579999924;47205;8.309999466;NaN;296.8000031;41306.28;17.81999969;NaN;50690;49264;2.12E-05;33.22999954;23.10000038;32978;NaN;NaN
28/08/2022 20:37;0.135736448;NaN;28/08/2022;20:37:03;21.3;88.80000305;6.920000076;45985;8.299999237;NaN;259.5;4909.52;12.81000042;NaN;49482;48171;2.17E-05;32.34000015;22.60000038;32269;NaN;NaN
29/08/2022 02:52;0.078795109;NaN;29/08/2022;02:52:18;21.3;89.90000153;6.980000496;47302;8.349999428;NaN;295.8000031;43016.61;17.94000053;NaN;50899;49453;2.11E-05;33.38000107;23.10000038;32938;NaN;NaN
29/08/2022 09:07;0.084085381;NaN;29/08/2022;09:07:23;21.1;82.20000458;6.520000458;46310;8.289999008;NaN;263.2999954;7417.03;10.51000023;NaN;50037;48673;2.16E-05;32.75;22.29999924;31928;NaN;NaN
29/08/2022 15:22;0.082847966;NaN;29/08/2022;15:22:37;21.2;88.5;6.880000114;46985;8.319999695;NaN;299.5999908;36294.77;10.09000015;NaN;50662;49239;2.13E-05;33.20999908;23.20000076;33037;NaN;NaN
29/08/2022 21:37;0.093686739;NaN;29/08/2022;21:37:52;21;89.09999847;7.039999962;45922;8.289999008;NaN;265.5;6914.88;11.13000011;NaN;49721;48388;2.18E-05;32.52000046;22.20000076;31747;NaN;NaN
30/08/2022 03:53;0.074672673;NaN;30/08/2022;03:53:07;20.9;87;6.81000042;46704;8.349999428;NaN;300.6999969;37902.24;17.09000015;NaN;50672;49248;2.14E-05;33.22000122;23.29999924;33054;NaN;NaN
30/08/2022 10:08;0.08803222;NaN;30/08/2022;10:08:14;20.8;86.70000458;6.86000061;46348;8.299999237;NaN;280.8999939;12832.95;10.31999969;NaN;50390;48993;2.16E-05;33.00999832;23;32696;NaN;NaN
30/08/2022 16:23;0.074997937;NaN;30/08/2022;16:23:28;20.8;87.40000153;6.86000061;46795;8.319999695;NaN;303;30586.71;16.12000084;NaN;50876;49432;2.14E-05;33.36999893;23.39999962;33177;NaN;NaN
30/08/2022 22:38;0.087970027;NaN;30/08/2022;22:38:42;20.6;84.90000153;6.720000267;46178;8.309999466;NaN;273.1999969;12031.7;11.72999954;NaN;50415;49015;2.17E-05;33.02999878;22.79999924;32448;NaN;NaN
31/08/2022 04:54;0.080585468;NaN;31/08/2022;04:54:18;20.5;87;6.890000343;46758;8.339999199;NaN;302.1999969;32499.49;17.79999924;NaN;51155;49685;2.14E-05;33.56999969;23.60000038;33242;NaN;NaN
31/08/2022 11:09;0.085322658;NaN;31/08/2022;11:09:31;20.5;87.09999847;6.970000267;46333;8.319999695;NaN;294;18451.83;10.55000019;NaN;50690;49264;2.16E-05;33.22999954;23.29999924;32943;NaN;NaN
31/08/2022 17:24;0.065062583;NaN;31/08/2022;17:24:44;20.6;86.90000153;6.86000061;46778;8.32999897;NaN;305.1999969;24272.6;13.26000023;NaN;51070;49608;2.14E-05;33.50999832;23.39999962;33056;NaN;NaN
31/08/2022 23:39;0.089402381;NaN;31/08/2022;23:39:53;20.4;84.30000305;6.720000267;45997;8.299999237;NaN;280.3000031;16845.37;15.92000008;NaN;50428;49027;2.17E-05;33.04000092;23.20000076;32791;NaN;NaN
01/09/2022 05:55;0.062206779;NaN;01/09/2022;05:55:12;20.3;86;6.820000648;46496;8.32999897;NaN;302.1999969;25979.9;16.77000046;NaN;51082;49619;2.15E-05;33.52000046;23.60000038;33208;NaN;NaN
01/09/2022 12:10;0.093982716;NaN;01/09/2022;12:10:19;20.5;91.5;7.270000458;45878;8.339999199;NaN;308.5;25063.51;6.119999886;NaN;50192;48814;2.18E-05;32.86000061;23.5;33112;NaN;NaN
01/09/2022 18:25;0.081323521;NaN;01/09/2022;18:25:36;20.4;81.09999847;6.460000038;45696;8.289999008;NaN;310.8999939;19148.02;12.22999954;NaN;50098;48729;2.19E-05;32.79000092;21.60000038;30903;NaN;NaN
02/09/2022 00:40;0.093478236;NaN;02/09/2022;00:40:53;20.4;84.80000305;6.710000038;46026;8.309999466;NaN;300.8999939;22962.19;13.64000034;NaN;50459;49055;2.17E-05;33.06000137;23.20000076;32812;NaN;NaN
02/09/2022 06:56;0.082853098;NaN;02/09/2022;06:56:06;20.3;79.90000153;6.320000172;46283;8.299999237;NaN;301;22065.08;15.64999962;NaN;50848;49407;2.16E-05;33.34999847;23.60000038;33218;NaN;NaN
02/09/2022 13:11;0.076539201;NaN;02/09/2022;13:11:14;20.3;82.20000458;6.490000725;45756;8.299999237;NaN;305.1999969;31583.07;12.43999958;NaN;50269;48883;2.19E-05;32.91999817;23.29999924;32926;NaN;NaN
02/09/2022 19:26;0.06753363;NaN;02/09/2022;19:26:29;20.4;80.40000153;6.260000229;46372;8.299999237;NaN;298.6999969;16347.67;8.840000153;NaN;50839;49399;2.16E-05;33.34000015;23.39999962;33055;NaN;NaN
03/09/2022 01:41;0.078262527;NaN;03/09/2022;01:41:45;20.4;85;6.650000572;46269;8.289999008;NaN;307.5;27578.79;8.569999695;NaN;50726;49297;2.16E-05;33.25999832;23.39999962;33005;NaN;NaN
03/09/2022 07:57;0.07017906;NaN;03/09/2022;07:57:00;20.4;71.90000153;5.650000095;46279;8.269999504;NaN;302.8000031;16146.13;6.71999979;NaN;50737;49307;2.16E-05;33.25999832;23.39999962;33018;NaN;NaN
03/09/2022 14:12;0.084192878;NaN;03/09/2022;14:12:15;20.6;87.90000153;6.880000114;45693;8.32999897;NaN;311.3000031;37487.9;5.829999924;NaN;49885;48536;2.19E-05;32.63999939;23.10000038;32757;NaN;NaN
03/09/2022 20:27;0.072707446;NaN;03/09/2022;20:27:30;20.7;85.80000305;6.659999847;46158;8.319999695;NaN;303.5;12732.27;11.42000008;NaN;50288;48900;2.17E-05;32.93000031;23.20000076;32898;NaN;NaN
04/09/2022 02:42;0.082689253;NaN;04/09/2022;02:42:45;20.6;85.40000153;6.720000267;46413;8.299999237;NaN;257.7999954;11631.59;10.98999977;NaN;50566;47730;2.15E-05;33.13999939;23.29999924;32990;NaN;NaN
04/09/2022 08:57;0.066766013;NaN;04/09/2022;08:57:50;20.6;85.40000153;6.720000267;46283;8.299999237;NaN;257.7999954;11632.03;10.98999977;NaN;50635;47730;2.16E-05;33.18999863;23.20000076;32776;NaN;NaN
08/12/2022 15:47;0.128403938;NaN;08/12/2022;15:47:40;10.1;94.6;9.39;37897;8.15;NaN;153.8;44882.3;0;NaN;52972;47913;0.03;34.91;27;34497;NaN;NaN
08/12/2022 22:02;0.137448357;NaN;08/12/2022;22:02:53;10.1;94.6;9.39;37897;8.15;NaN;153.8;44882.3;0;NaN;52972;47913;0.03;34.91;27;34497;NaN;NaN
09/12/2022 04:18;0.121572684;NaN;09/12/2022;04:18:05;9.6;93.1;9.35;37413;8.02;NaN;156.5;41163.22;0;NaN;53003;47941;0.03;34.94;26.9;34399;NaN;NaN
09/12/2022 10:33;0.118020529;NaN;09/12/2022;10:33:08;9.6;93.1;9.35;37413;8.02;NaN;156.5;41163.22;0;NaN;53003;47941;0.03;34.94;26.9;34399;NaN;NaN
09/12/2022 16:48;0.124851439;NaN;09/12/2022;16:48:13;9.6;93.1;9.35;37413;8.02;NaN;156.5;41163.22;0;NaN;53003;47941;0.03;34.94;26.9;34399;NaN;NaN
09/12/2022 23:03;0.114778006;NaN;09/12/2022;23:03:16;9.6;93.1;9.35;37413;8.02;NaN;156.5;41163.22;0;NaN;53003;47941;0.03;34.94;26.9;34399;NaN;NaN
10/12/2022 05:18;0.039930221;NaN;10/12/2022;05:18:18;9.5;93.3;9.4;37625;8.14;NaN;140.3;33321.93;0;NaN;53448;48344;0.03;35.27;27.4;34871;NaN;NaN
10/12/2022 11:33;0.117671921;NaN;10/12/2022;11:33:22;9.5;93.3;9.4;37625;8.14;NaN;140.3;33321.93;0;NaN;53448;48344;0.03;35.27;27.4;34871;NaN;NaN
10/12/2022 17:48;0.057442141;NaN;10/12/2022;17:48:39;9.5;93.3;9.4;37625;8.14;NaN;140.3;33321.93;0;NaN;53448;48344;0.03;35.27;27.4;34871;NaN;NaN
11/12/2022 00:03;0.129407925;NaN;11/12/2022;00:03:50;8.8;93.3;9.65;34464;7.99;NaN;145.4;25923.98;0;NaN;49906;45140;0.03;32.65;25.3;32401;NaN;NaN
11/12/2022 06:18;0.0;NaN;11/12/2022;06:18:54;8.8;93.3;9.65;34464;7.99;NaN;145.4;25923.98;0;NaN;49906;45140;0.03;32.65;25.3;32401;NaN;NaN
11/12/2022 12:34;0.127154529;NaN;11/12/2022;12:34:05;8.8;93.3;9.65;34464;7.99;NaN;145.4;25923.98;0;NaN;49906;45140;0.03;32.65;25.3;32401;NaN;NaN
11/12/2022 18:49;0.139977;NaN;11/12/2022;18:49:17;8.8;93.3;9.65;34464;7.99;NaN;145.4;25923.98;0;NaN;49906;45140;0.03;32.65;25.3;32401;NaN;NaN
12/12/2022 01:04;0.119217421;NaN;12/12/2022;01:04:20;8.7;92.1;9.54;35134;7.92;NaN;150;16791.01;0;NaN;51017;46145;0.03;33.47;26;33186;NaN;NaN
12/12/2022 07:19;0.096717457;NaN;12/12/2022;07:19:24;8.7;92.1;9.54;35134;7.92;NaN;150;16791.01;0;NaN;51017;46145;0.03;33.47;26;33186;NaN;NaN
12/12/2022 13:34;0.114620536;NaN;12/12/2022;13:34:27;8.7;92.1;9.54;35134;7.92;NaN;150;16791.01;0;NaN;51017;46145;0.03;33.47;26;33186;NaN;NaN
12/12/2022 19:49;0.093053591;NaN;12/12/2022;19:49:30;8.7;92.1;9.54;35134;7.92;NaN;150;16791.01;0;NaN;51017;46145;0.03;33.47;26;33186;NaN;NaN
13/12/2022 02:04;0.126769091;NaN;13/12/2022;02:04:33;8.9;92.7;9.46;36624;7.87;NaN;160;11473.86;0;NaN;52887;47836;0.03;34.85;27.1;34475;NaN;NaN
13/12/2022 08:19;0.113475739;NaN;13/12/2022;08:19:38;8.9;92.7;9.46;36624;7.87;NaN;160;11473.86;0;NaN;52887;47836;0.03;34.85;27.1;34475;NaN;NaN
13/12/2022 14:34;0.116236064;NaN;13/12/2022;14:34:50;8.9;92.7;9.46;36624;7.87;NaN;160;11473.86;0;NaN;52887;47836;0.03;34.85;27.1;34475;NaN;NaN
13/12/2022 20:50;0.10097767;NaN;13/12/2022;20:50:01;8.9;92.7;9.46;36624;7.87;NaN;160;11473.86;0;NaN;52887;47836;0.03;34.85;27.1;34475;NaN;NaN
14/12/2022 03:05;0.100987246;NaN;14/12/2022;03:05:13;8.5;88.6;9.57;34822;7.81;NaN;191;5529.59;0;NaN;50846;45990;0.03;33.34;22.4;28907;NaN;NaN
14/12/2022 09:20;0.08206605;NaN;14/12/2022;09:20:15;8.5;88.6;9.57;34822;7.81;NaN;191;5529.59;0;NaN;50846;45990;0.03;33.34;22.4;28907;NaN;NaN
14/12/2022 15:35;0.084952451;NaN;14/12/2022;15:35:22;8.5;88.6;9.57;34822;7.81;NaN;191;5529.59;0;NaN;50846;45990;0.03;33.34;22.4;28907;NaN;NaN
14/12/2022 21:50;0.076222782;NaN;14/12/2022;21:50:25;8.5;88.6;9.57;34822;7.81;NaN;191;5529.59;0;NaN;50846;45990;0.03;33.34;22.4;28907;NaN;NaN
15/12/2022 04:05;0.07763811;NaN;15/12/2022;04:05:29;7.2;82.8;9.72;26029;7.87;NaN;208;3996.91;0;NaN;39437;35671;0.04;25.11;14.1;18908;NaN;NaN
15/12/2022 10:20;0.108409477;NaN;15/12/2022;10:20:42;7.2;82.8;9.72;26029;7.87;NaN;208;3996.91;0;NaN;39437;35671;0.04;25.11;14.1;18908;NaN;NaN
15/12/2022 16:35;0.093003658;NaN;15/12/2022;16:35:45;7.2;82.8;9.72;26029;7.87;NaN;208;3996.91;0;NaN;39437;35671;0.04;25.11;14.1;18908;NaN;NaN
15/12/2022 22:50;0.075165974;NaN;15/12/2022;22:50:56;7.2;82.8;9.72;26029;7.87;NaN;208;3996.91;0;NaN;39437;35671;0.04;25.11;14.1;18908;NaN;NaN
16/12/2022 05:05;0.073587945;NaN;16/12/2022;05:05:59;5.8;82.1;9.53;19850;7.82;NaN;231.7;2885.58;0;NaN;31345;28352;0.05;19.48;17.7;23193;NaN;NaN
16/12/2022 11:21;0.091131815;NaN;16/12/2022;11:21:03;5.8;82.1;9.53;19850;7.82;NaN;231.7;2885.58;0;NaN;31345;28352;0.05;19.48;17.7;23193;NaN;NaN
16/12/2022 17:36;0.069490443;NaN;16/12/2022;17:36:15;5.8;82.1;9.53;19850;7.82;NaN;231.7;2885.58;0;NaN;31345;28352;0.05;19.48;17.7;23193;NaN;NaN
16/12/2022 23:51;0.092373274;NaN;16/12/2022;23:51:18;5.8;82.1;9.53;19850;7.82;NaN;231.7;2885.58;0;NaN;31345;28352;0.05;19.48;17.7;23193;NaN;NaN
17/12/2022 06:06;0.070944497;NaN;17/12/2022;06:06:30;6.5;88.4;9.9;26634;7.84;NaN;252.3;5501.43;0;NaN;41188;37255;0.04;26.35;23.1;29608;NaN;NaN
17/12/2022 12:21;0.106226896;NaN;17/12/2022;12:21:33;6.5;88.4;9.9;26634;7.84;NaN;252.3;5501.43;0;NaN;41188;37255;0.04;26.35;23.1;29608;NaN;NaN
17/12/2022 18:36;0.099286844;NaN;17/12/2022;18:36:45;6.5;88.4;9.9;26634;7.84;NaN;252.3;5501.43;0;NaN;41188;37255;0.04;26.35;23.1;29608;NaN;NaN
18/12/2022 00:51;0.071736843;NaN;18/12/2022;00:51:56;7.4;95.4;10.35;32693;7.89;NaN;194.2;13562.59;0;NaN;49248;44545;0.03;32.17;23.9;30565;NaN;NaN
18/12/2022 07:06;0.088028992;NaN;18/12/2022;07:06:59;7.4;95.4;10.35;32693;7.89;NaN;194.2;13562.59;0;NaN;49248;44545;0.03;32.17;23.9;30565;NaN;NaN
18/12/2022 13:22;0.089894917;NaN;18/12/2022;13:22:02;7.4;95.4;10.35;32693;7.89;NaN;194.2;13562.59;0;NaN;49248;44545;0.03;32.17;23.9;30565;NaN;NaN
18/12/2022 19:37;0.095700923;NaN;18/12/2022;19:37:05;7.4;95.4;10.35;32693;7.89;NaN;194.2;13562.59;0;NaN;49248;44545;0.03;32.17;23.9;30565;NaN;NaN
19/12/2022 01:52;0.096701037;NaN;19/12/2022;01:52:16;7.3;87.2;10.19;6510;7.61;NaN;160.5;16730.74;7.01;NaN;9835;8896;0.15;5.52;5.3;7839;NaN;NaN
19/12/2022 08:07;0.108035362;NaN;19/12/2022;08:07:20;7.3;87.2;10.19;6510;7.61;NaN;160.5;16730.74;7.01;NaN;9835;8896;0.15;5.52;5.3;7839;NaN;NaN
19/12/2022 14:22;0.12308336;NaN;19/12/2022;14:22:23;7.3;87.2;10.19;6510;7.61;NaN;160.5;16730.74;7.01;NaN;9835;8896;0.15;5.52;5.3;7839;NaN;NaN
19/12/2022 20:37;0.130778034;NaN;19/12/2022;20:37:35;7.3;87.2;10.19;6510;7.61;NaN;160.5;16730.74;7.01;NaN;9835;8896;0.15;5.52;5.3;7839;NaN;NaN
20/12/2022 02:52;0.118203316;NaN;20/12/2022;02:52:37;8.1;93.8;9.85;31998;7.92;NaN;242;31105.93;8.04;NaN;47250;42738;0.03;30.71;27;34219;NaN;NaN
20/12/2022 09:07;0.120430248;NaN;20/12/2022;09:07:40;8.1;93.8;9.85;31998;7.92;NaN;242;31105.93;8.04;NaN;47250;42738;0.03;30.71;27;34219;NaN;NaN
20/12/2022 15:22;0.116049205;NaN;20/12/2022;15:22:45;8.1;93.8;9.85;31998;7.92;NaN;242;31105.93;8.04;NaN;47250;42738;0.03;30.71;27;34219;NaN;NaN
20/12/2022 21:37;0.117961261;NaN;20/12/2022;21:37:57;8.1;93.8;9.85;31998;7.92;NaN;242;31105.93;8.04;NaN;47250;42738;0.03;30.71;27;34219;NaN;NaN